[0.046s] DEBUG:colcon:Command line arguments: ['/usr/bin/colcon', 'build', '--packages-skip', 'lidar_localization_ros2', '--cmake-args', '-DPython3_EXECUTABLE=/usr/bin/python3']
[0.047s] DEBUG:colcon:Parsed command line arguments: Namespace(log_base=None, log_level=None, verb_name='build', build_base='build', install_base='install', merge_install=False, symlink_install=False, test_result_base=None, continue_on_error=False, executor='parallel', parallel_workers=24, event_handlers=None, ignore_user_meta=False, metas=['./colcon.meta'], base_paths=['.'], packages_ignore=None, packages_ignore_regex=None, paths=None, packages_up_to=None, packages_up_to_regex=None, packages_above=None, packages_above_and_dependencies=None, packages_above_depth=None, packages_select_by_dep=None, packages_skip_by_dep=None, packages_skip_up_to=None, packages_select_build_failed=False, packages_skip_build_finished=False, packages_select_test_failures=False, packages_skip_test_passed=False, packages_select=None, packages_skip=['lidar_localization_ros2'], packages_select_regex=None, packages_skip_regex=None, packages_start=None, packages_end=None, allow_overriding=[], cmake_args=['-DPython3_EXECUTABLE=/usr/bin/python3'], cmake_target=None, cmake_target_skip_unavailable=False, cmake_clean_cache=False, cmake_clean_first=False, cmake_force_configure=False, ament_cmake_args=None, catkin_cmake_args=None, catkin_skip_building_tests=False, mixin_files=None, mixin=None, verb_parser=<colcon_mixin.mixin.mixin_argument.MixinArgumentDecorator object at 0x70f0f8b5a1d0>, verb_extension=<colcon_core.verb.build.BuildVerb object at 0x70f0f8cdad40>, main=<bound method BuildVerb.main of <colcon_core.verb.build.BuildVerb object at 0x70f0f8cdad40>>, mixin_verb=('build',))
[0.112s] Level 1:colcon.colcon_core.package_discovery:discover_packages(colcon_meta) check parameters
[0.112s] Level 1:colcon.colcon_core.package_discovery:discover_packages(recursive) check parameters
[0.112s] Level 1:colcon.colcon_core.package_discovery:discover_packages(ignore) check parameters
[0.112s] Level 1:colcon.colcon_core.package_discovery:discover_packages(path) check parameters
[0.112s] Level 1:colcon.colcon_core.package_discovery:discover_packages(colcon_meta) discover
[0.112s] Level 1:colcon.colcon_core.package_discovery:discover_packages(recursive) discover
[0.112s] INFO:colcon.colcon_core.package_discovery:Crawling recursively for packages in '/home/simonzhang/g1-mujoco-ros2-nav-sim-G1-MuJoCo-ROS2-'
[0.112s] Level 1:colcon.colcon_core.package_identification:_identify(.) by extensions ['ignore', 'ignore_ament_install']
[0.112s] Level 1:colcon.colcon_core.package_identification:_identify(.) by extension 'ignore'
[0.112s] Level 1:colcon.colcon_core.package_identification:_identify(.) by extension 'ignore_ament_install'
[0.112s] Level 1:colcon.colcon_core.package_identification:_identify(.) by extensions ['colcon_pkg']
[0.112s] Level 1:colcon.colcon_core.package_identification:_identify(.) by extension 'colcon_pkg'
[0.112s] Level 1:colcon.colcon_core.package_identification:_identify(.) by extensions ['colcon_meta']
[0.112s] Level 1:colcon.colcon_core.package_identification:_identify(.) by extension 'colcon_meta'
[0.112s] Level 1:colcon.colcon_core.package_identification:_identify(.) by extensions ['ros']
[0.112s] Level 1:colcon.colcon_core.package_identification:_identify(.) by extension 'ros'
[0.117s] Level 1:colcon.colcon_core.package_identification:_identify(.) by extensions ['cmake', 'python']
[0.117s] Level 1:colcon.colcon_core.package_identification:_identify(.) by extension 'cmake'
[0.117s] Level 1:colcon.colcon_core.package_identification:_identify(.) by extension 'python'
[0.117s] Level 1:colcon.colcon_core.package_identification:_identify(.) by extensions ['python_setup_py']
[0.117s] Level 1:colcon.colcon_core.package_identification:_identify(.) by extension 'python_setup_py'
[0.117s] Level 1:colcon.colcon_core.package_identification:_identify(build) by extensions ['ignore', 'ignore_ament_install']
[0.117s] Level 1:colcon.colcon_core.package_identification:_identify(build) by extension 'ignore'
[0.117s] Level 1:colcon.colcon_core.package_identification:_identify(build) ignored
[0.117s] Level 1:colcon.colcon_core.package_identification:_identify(images) by extensions ['ignore', 'ignore_ament_install']
[0.117s] Level 1:colcon.colcon_core.package_identification:_identify(images) by extension 'ignore'
[0.117s] Level 1:colcon.colcon_core.package_identification:_identify(images) by extension 'ignore_ament_install'
[0.117s] Level 1:colcon.colcon_core.package_identification:_identify(images) by extensions ['colcon_pkg']
[0.117s] Level 1:colcon.colcon_core.package_identification:_identify(images) by extension 'colcon_pkg'
[0.117s] Level 1:colcon.colcon_core.package_identification:_identify(images) by extensions ['colcon_meta']
[0.117s] Level 1:colcon.colcon_core.package_identification:_identify(images) by extension 'colcon_meta'
[0.117s] Level 1:colcon.colcon_core.package_identification:_identify(images) by extensions ['ros']
[0.117s] Level 1:colcon.colcon_core.package_identification:_identify(images) by extension 'ros'
[0.117s] Level 1:colcon.colcon_core.package_identification:_identify(images) by extensions ['cmake', 'python']
[0.117s] Level 1:colcon.colcon_core.package_identification:_identify(images) by extension 'cmake'
[0.117s] Level 1:colcon.colcon_core.package_identification:_identify(images) by extension 'python'
[0.118s] Level 1:colcon.colcon_core.package_identification:_identify(images) by extensions ['python_setup_py']
[0.118s] Level 1:colcon.colcon_core.package_identification:_identify(images) by extension 'python_setup_py'
[0.118s] Level 1:colcon.colcon_core.package_identification:_identify(install) by extensions ['ignore', 'ignore_ament_install']
[0.118s] Level 1:colcon.colcon_core.package_identification:_identify(install) by extension 'ignore'
[0.118s] Level 1:colcon.colcon_core.package_identification:_identify(install) ignored
[0.118s] Level 1:colcon.colcon_core.package_identification:_identify(log) by extensions ['ignore', 'ignore_ament_install']
[0.118s] Level 1:colcon.colcon_core.package_identification:_identify(log) by extension 'ignore'
[0.118s] Level 1:colcon.colcon_core.package_identification:_identify(log) ignored
[0.118s] Level 1:colcon.colcon_core.package_identification:_identify(src) by extensions ['ignore', 'ignore_ament_install']
[0.118s] Level 1:colcon.colcon_core.package_identification:_identify(src) by extension 'ignore'
[0.118s] Level 1:colcon.colcon_core.package_identification:_identify(src) by extension 'ignore_ament_install'
[0.118s] Level 1:colcon.colcon_core.package_identification:_identify(src) by extensions ['colcon_pkg']
[0.118s] Level 1:colcon.colcon_core.package_identification:_identify(src) by extension 'colcon_pkg'
[0.118s] Level 1:colcon.colcon_core.package_identification:_identify(src) by extensions ['colcon_meta']
[0.118s] Level 1:colcon.colcon_core.package_identification:_identify(src) by extension 'colcon_meta'
[0.118s] Level 1:colcon.colcon_core.package_identification:_identify(src) by extensions ['ros']
[0.118s] Level 1:colcon.colcon_core.package_identification:_identify(src) by extension 'ros'
[0.118s] Level 1:colcon.colcon_core.package_identification:_identify(src) by extensions ['cmake', 'python']
[0.118s] Level 1:colcon.colcon_core.package_identification:_identify(src) by extension 'cmake'
[0.118s] Level 1:colcon.colcon_core.package_identification:_identify(src) by extension 'python'
[0.118s] Level 1:colcon.colcon_core.package_identification:_identify(src) by extensions ['python_setup_py']
[0.118s] Level 1:colcon.colcon_core.package_identification:_identify(src) by extension 'python_setup_py'
[0.118s] Level 1:colcon.colcon_core.package_identification:_identify(src/FAST_LIO_ROS2) by extensions ['ignore', 'ignore_ament_install']
[0.118s] Level 1:colcon.colcon_core.package_identification:_identify(src/FAST_LIO_ROS2) by extension 'ignore'
[0.118s] Level 1:colcon.colcon_core.package_identification:_identify(src/FAST_LIO_ROS2) by extension 'ignore_ament_install'
[0.118s] Level 1:colcon.colcon_core.package_identification:_identify(src/FAST_LIO_ROS2) by extensions ['colcon_pkg']
[0.118s] Level 1:colcon.colcon_core.package_identification:_identify(src/FAST_LIO_ROS2) by extension 'colcon_pkg'
[0.118s] Level 1:colcon.colcon_core.package_identification:_identify(src/FAST_LIO_ROS2) by extensions ['colcon_meta']
[0.118s] Level 1:colcon.colcon_core.package_identification:_identify(src/FAST_LIO_ROS2) by extension 'colcon_meta'
[0.118s] Level 1:colcon.colcon_core.package_identification:_identify(src/FAST_LIO_ROS2) by extensions ['ros']
[0.118s] Level 1:colcon.colcon_core.package_identification:_identify(src/FAST_LIO_ROS2) by extension 'ros'
[0.119s] DEBUG:colcon.colcon_core.package_identification:Package 'src/FAST_LIO_ROS2' with type 'ros.ament_cmake' and name 'fast_lio'
[0.120s] Level 1:colcon.colcon_core.package_identification:_identify(src/Livox-SDK2) by extensions ['ignore', 'ignore_ament_install']
[0.120s] Level 1:colcon.colcon_core.package_identification:_identify(src/Livox-SDK2) by extension 'ignore'
[0.120s] Level 1:colcon.colcon_core.package_identification:_identify(src/Livox-SDK2) by extension 'ignore_ament_install'
[0.120s] Level 1:colcon.colcon_core.package_identification:_identify(src/Livox-SDK2) by extensions ['colcon_pkg']
[0.120s] Level 1:colcon.colcon_core.package_identification:_identify(src/Livox-SDK2) by extension 'colcon_pkg'
[0.120s] Level 1:colcon.colcon_core.package_identification:_identify(src/Livox-SDK2) by extensions ['colcon_meta']
[0.120s] Level 1:colcon.colcon_core.package_identification:_identify(src/Livox-SDK2) by extension 'colcon_meta'
[0.120s] Level 1:colcon.colcon_core.package_identification:_identify(src/Livox-SDK2) by extensions ['ros']
[0.120s] Level 1:colcon.colcon_core.package_identification:_identify(src/Livox-SDK2) by extension 'ros'
[0.120s] Level 1:colcon.colcon_core.package_identification:_identify(src/Livox-SDK2) by extensions ['cmake', 'python']
[0.120s] Level 1:colcon.colcon_core.package_identification:_identify(src/Livox-SDK2) by extension 'cmake'
[0.121s] Level 1:colcon.colcon_core.package_identification:_identify(src/Livox-SDK2) by extension 'python'
[0.121s] DEBUG:colcon.colcon_core.package_identification:Package 'src/Livox-SDK2' with type 'cmake' and name 'livox_sdk2'
[0.121s] Level 1:colcon.colcon_core.package_identification:_identify(src/lidar_localization_ros2) by extensions ['ignore', 'ignore_ament_install']
[0.121s] Level 1:colcon.colcon_core.package_identification:_identify(src/lidar_localization_ros2) by extension 'ignore'
[0.121s] Level 1:colcon.colcon_core.package_identification:_identify(src/lidar_localization_ros2) by extension 'ignore_ament_install'
[0.121s] Level 1:colcon.colcon_core.package_identification:_identify(src/lidar_localization_ros2) by extensions ['colcon_pkg']
[0.121s] Level 1:colcon.colcon_core.package_identification:_identify(src/lidar_localization_ros2) by extension 'colcon_pkg'
[0.121s] Level 1:colcon.colcon_core.package_identification:_identify(src/lidar_localization_ros2) by extensions ['colcon_meta']
[0.121s] Level 1:colcon.colcon_core.package_identification:_identify(src/lidar_localization_ros2) by extension 'colcon_meta'
[0.121s] Level 1:colcon.colcon_core.package_identification:_identify(src/lidar_localization_ros2) by extensions ['ros']
[0.121s] Level 1:colcon.colcon_core.package_identification:_identify(src/lidar_localization_ros2) by extension 'ros'
[0.121s] DEBUG:colcon.colcon_core.package_identification:Package 'src/lidar_localization_ros2' with type 'ros.ament_cmake' and name 'lidar_localization_ros2'
[0.121s] Level 1:colcon.colcon_core.package_identification:_identify(src/livox_ros_driver2) by extensions ['ignore', 'ignore_ament_install']
[0.121s] Level 1:colcon.colcon_core.package_identification:_identify(src/livox_ros_driver2) by extension 'ignore'
[0.121s] Level 1:colcon.colcon_core.package_identification:_identify(src/livox_ros_driver2) by extension 'ignore_ament_install'
[0.121s] Level 1:colcon.colcon_core.package_identification:_identify(src/livox_ros_driver2) by extensions ['colcon_pkg']
[0.121s] Level 1:colcon.colcon_core.package_identification:_identify(src/livox_ros_driver2) by extension 'colcon_pkg'
[0.121s] Level 1:colcon.colcon_core.package_identification:_identify(src/livox_ros_driver2) by extensions ['colcon_meta']
[0.121s] Level 1:colcon.colcon_core.package_identification:_identify(src/livox_ros_driver2) by extension 'colcon_meta'
[0.122s] Level 1:colcon.colcon_core.package_identification:_identify(src/livox_ros_driver2) by extensions ['ros']
[0.122s] Level 1:colcon.colcon_core.package_identification:_identify(src/livox_ros_driver2) by extension 'ros'
[0.122s] DEBUG:colcon.colcon_core.package_identification:Package 'src/livox_ros_driver2' with type 'ros.ament_cmake' and name 'livox_ros_driver2'
[0.122s] Level 1:colcon.colcon_core.package_identification:_identify(src/maps) by extensions ['ignore', 'ignore_ament_install']
[0.122s] Level 1:colcon.colcon_core.package_identification:_identify(src/maps) by extension 'ignore'
[0.122s] Level 1:colcon.colcon_core.package_identification:_identify(src/maps) by extension 'ignore_ament_install'
[0.122s] Level 1:colcon.colcon_core.package_identification:_identify(src/maps) by extensions ['colcon_pkg']
[0.122s] Level 1:colcon.colcon_core.package_identification:_identify(src/maps) by extension 'colcon_pkg'
[0.122s] Level 1:colcon.colcon_core.package_identification:_identify(src/maps) by extensions ['colcon_meta']
[0.122s] Level 1:colcon.colcon_core.package_identification:_identify(src/maps) by extension 'colcon_meta'
[0.122s] Level 1:colcon.colcon_core.package_identification:_identify(src/maps) by extensions ['ros']
[0.122s] Level 1:colcon.colcon_core.package_identification:_identify(src/maps) by extension 'ros'
[0.122s] Level 1:colcon.colcon_core.package_identification:_identify(src/maps) by extensions ['cmake', 'python']
[0.122s] Level 1:colcon.colcon_core.package_identification:_identify(src/maps) by extension 'cmake'
[0.122s] Level 1:colcon.colcon_core.package_identification:_identify(src/maps) by extension 'python'
[0.122s] Level 1:colcon.colcon_core.package_identification:_identify(src/maps) by extensions ['python_setup_py']
[0.122s] Level 1:colcon.colcon_core.package_identification:_identify(src/maps) by extension 'python_setup_py'
[0.122s] Level 1:colcon.colcon_core.package_identification:_identify(src/mujuco_sim) by extensions ['ignore', 'ignore_ament_install']
[0.122s] Level 1:colcon.colcon_core.package_identification:_identify(src/mujuco_sim) by extension 'ignore'
[0.122s] Level 1:colcon.colcon_core.package_identification:_identify(src/mujuco_sim) by extension 'ignore_ament_install'
[0.122s] Level 1:colcon.colcon_core.package_identification:_identify(src/mujuco_sim) by extensions ['colcon_pkg']
[0.122s] Level 1:colcon.colcon_core.package_identification:_identify(src/mujuco_sim) by extension 'colcon_pkg'
[0.122s] Level 1:colcon.colcon_core.package_identification:_identify(src/mujuco_sim) by extensions ['colcon_meta']
[0.122s] Level 1:colcon.colcon_core.package_identification:_identify(src/mujuco_sim) by extension 'colcon_meta'
[0.122s] Level 1:colcon.colcon_core.package_identification:_identify(src/mujuco_sim) by extensions ['ros']
[0.122s] Level 1:colcon.colcon_core.package_identification:_identify(src/mujuco_sim) by extension 'ros'
[0.123s] DEBUG:colcon.colcon_core.package_identification:Package 'src/mujuco_sim' with type 'ros.ament_python' and name 'mujuco_sim'
[0.123s] Level 1:colcon.colcon_core.package_identification:_identify(src/unitree_mujoco) by extensions ['ignore', 'ignore_ament_install']
[0.123s] Level 1:colcon.colcon_core.package_identification:_identify(src/unitree_mujoco) by extension 'ignore'
[0.123s] Level 1:colcon.colcon_core.package_identification:_identify(src/unitree_mujoco) by extension 'ignore_ament_install'
[0.123s] Level 1:colcon.colcon_core.package_identification:_identify(src/unitree_mujoco) by extensions ['colcon_pkg']
[0.123s] Level 1:colcon.colcon_core.package_identification:_identify(src/unitree_mujoco) by extension 'colcon_pkg'
[0.123s] Level 1:colcon.colcon_core.package_identification:_identify(src/unitree_mujoco) by extensions ['colcon_meta']
[0.123s] Level 1:colcon.colcon_core.package_identification:_identify(src/unitree_mujoco) by extension 'colcon_meta'
[0.123s] Level 1:colcon.colcon_core.package_identification:_identify(src/unitree_mujoco) by extensions ['ros']
[0.123s] Level 1:colcon.colcon_core.package_identification:_identify(src/unitree_mujoco) by extension 'ros'
[0.123s] Level 1:colcon.colcon_core.package_identification:_identify(src/unitree_mujoco) by extensions ['cmake', 'python']
[0.123s] Level 1:colcon.colcon_core.package_identification:_identify(src/unitree_mujoco) by extension 'cmake'
[0.123s] Level 1:colcon.colcon_core.package_identification:_identify(src/unitree_mujoco) by extension 'python'
[0.123s] Level 1:colcon.colcon_core.package_identification:_identify(src/unitree_mujoco) by extensions ['python_setup_py']
[0.123s] Level 1:colcon.colcon_core.package_identification:_identify(src/unitree_mujoco) by extension 'python_setup_py'
[0.123s] Level 1:colcon.colcon_core.package_identification:_identify(src/unitree_mujoco/doc) by extensions ['ignore', 'ignore_ament_install']
[0.123s] Level 1:colcon.colcon_core.package_identification:_identify(src/unitree_mujoco/doc) by extension 'ignore'
[0.123s] Level 1:colcon.colcon_core.package_identification:_identify(src/unitree_mujoco/doc) by extension 'ignore_ament_install'
[0.123s] Level 1:colcon.colcon_core.package_identification:_identify(src/unitree_mujoco/doc) by extensions ['colcon_pkg']
[0.123s] Level 1:colcon.colcon_core.package_identification:_identify(src/unitree_mujoco/doc) by extension 'colcon_pkg'
[0.123s] Level 1:colcon.colcon_core.package_identification:_identify(src/unitree_mujoco/doc) by extensions ['colcon_meta']
[0.123s] Level 1:colcon.colcon_core.package_identification:_identify(src/unitree_mujoco/doc) by extension 'colcon_meta'
[0.123s] Level 1:colcon.colcon_core.package_identification:_identify(src/unitree_mujoco/doc) by extensions ['ros']
[0.123s] Level 1:colcon.colcon_core.package_identification:_identify(src/unitree_mujoco/doc) by extension 'ros'
[0.123s] Level 1:colcon.colcon_core.package_identification:_identify(src/unitree_mujoco/doc) by extensions ['cmake', 'python']
[0.123s] Level 1:colcon.colcon_core.package_identification:_identify(src/unitree_mujoco/doc) by extension 'cmake'
[0.123s] Level 1:colcon.colcon_core.package_identification:_identify(src/unitree_mujoco/doc) by extension 'python'
[0.123s] Level 1:colcon.colcon_core.package_identification:_identify(src/unitree_mujoco/doc) by extensions ['python_setup_py']
[0.123s] Level 1:colcon.colcon_core.package_identification:_identify(src/unitree_mujoco/doc) by extension 'python_setup_py'
[0.123s] Level 1:colcon.colcon_core.package_identification:_identify(src/unitree_mujoco/example) by extensions ['ignore', 'ignore_ament_install']
[0.123s] Level 1:colcon.colcon_core.package_identification:_identify(src/unitree_mujoco/example) by extension 'ignore'
[0.123s] Level 1:colcon.colcon_core.package_identification:_identify(src/unitree_mujoco/example) ignored
[0.123s] Level 1:colcon.colcon_core.package_identification:_identify(src/unitree_mujoco/simulate) by extensions ['ignore', 'ignore_ament_install']
[0.123s] Level 1:colcon.colcon_core.package_identification:_identify(src/unitree_mujoco/simulate) by extension 'ignore'
[0.123s] Level 1:colcon.colcon_core.package_identification:_identify(src/unitree_mujoco/simulate) by extension 'ignore_ament_install'
[0.123s] Level 1:colcon.colcon_core.package_identification:_identify(src/unitree_mujoco/simulate) by extensions ['colcon_pkg']
[0.123s] Level 1:colcon.colcon_core.package_identification:_identify(src/unitree_mujoco/simulate) by extension 'colcon_pkg'
[0.123s] Level 1:colcon.colcon_core.package_identification:_identify(src/unitree_mujoco/simulate) by extensions ['colcon_meta']
[0.123s] Level 1:colcon.colcon_core.package_identification:_identify(src/unitree_mujoco/simulate) by extension 'colcon_meta'
[0.123s] Level 1:colcon.colcon_core.package_identification:_identify(src/unitree_mujoco/simulate) by extensions ['ros']
[0.123s] Level 1:colcon.colcon_core.package_identification:_identify(src/unitree_mujoco/simulate) by extension 'ros'
[0.124s] Level 1:colcon.colcon_core.package_identification:_identify(src/unitree_mujoco/simulate) by extensions ['cmake', 'python']
[0.124s] Level 1:colcon.colcon_core.package_identification:_identify(src/unitree_mujoco/simulate) by extension 'cmake'
[0.125s] Level 1:colcon.colcon_core.package_identification:_identify(src/unitree_mujoco/simulate) by extension 'python'
[0.125s] DEBUG:colcon.colcon_core.package_identification:Package 'src/unitree_mujoco/simulate' with type 'cmake' and name 'unitree_mujoco'
[0.125s] Level 1:colcon.colcon_core.package_identification:_identify(src/unitree_mujoco/simulate_python) by extensions ['ignore', 'ignore_ament_install']
[0.125s] Level 1:colcon.colcon_core.package_identification:_identify(src/unitree_mujoco/simulate_python) by extension 'ignore'
[0.125s] Level 1:colcon.colcon_core.package_identification:_identify(src/unitree_mujoco/simulate_python) by extension 'ignore_ament_install'
[0.125s] Level 1:colcon.colcon_core.package_identification:_identify(src/unitree_mujoco/simulate_python) by extensions ['colcon_pkg']
[0.125s] Level 1:colcon.colcon_core.package_identification:_identify(src/unitree_mujoco/simulate_python) by extension 'colcon_pkg'
[0.125s] Level 1:colcon.colcon_core.package_identification:_identify(src/unitree_mujoco/simulate_python) by extensions ['colcon_meta']
[0.125s] Level 1:colcon.colcon_core.package_identification:_identify(src/unitree_mujoco/simulate_python) by extension 'colcon_meta'
[0.125s] Level 1:colcon.colcon_core.package_identification:_identify(src/unitree_mujoco/simulate_python) by extensions ['ros']
[0.125s] Level 1:colcon.colcon_core.package_identification:_identify(src/unitree_mujoco/simulate_python) by extension 'ros'
[0.125s] Level 1:colcon.colcon_core.package_identification:_identify(src/unitree_mujoco/simulate_python) by extensions ['cmake', 'python']
[0.125s] Level 1:colcon.colcon_core.package_identification:_identify(src/unitree_mujoco/simulate_python) by extension 'cmake'
[0.125s] Level 1:colcon.colcon_core.package_identification:_identify(src/unitree_mujoco/simulate_python) by extension 'python'
[0.125s] Level 1:colcon.colcon_core.package_identification:_identify(src/unitree_mujoco/simulate_python) by extensions ['python_setup_py']
[0.125s] Level 1:colcon.colcon_core.package_identification:_identify(src/unitree_mujoco/simulate_python) by extension 'python_setup_py'
[0.125s] Level 1:colcon.colcon_core.package_identification:_identify(src/unitree_mujoco/simulate_python/test) by extensions ['ignore', 'ignore_ament_install']
[0.125s] Level 1:colcon.colcon_core.package_identification:_identify(src/unitree_mujoco/simulate_python/test) by extension 'ignore'
[0.125s] Level 1:colcon.colcon_core.package_identification:_identify(src/unitree_mujoco/simulate_python/test) by extension 'ignore_ament_install'
[0.125s] Level 1:colcon.colcon_core.package_identification:_identify(src/unitree_mujoco/simulate_python/test) by extensions ['colcon_pkg']
[0.125s] Level 1:colcon.colcon_core.package_identification:_identify(src/unitree_mujoco/simulate_python/test) by extension 'colcon_pkg'
[0.125s] Level 1:colcon.colcon_core.package_identification:_identify(src/unitree_mujoco/simulate_python/test) by extensions ['colcon_meta']
[0.125s] Level 1:colcon.colcon_core.package_identification:_identify(src/unitree_mujoco/simulate_python/test) by extension 'colcon_meta'
[0.125s] Level 1:colcon.colcon_core.package_identification:_identify(src/unitree_mujoco/simulate_python/test) by extensions ['ros']
[0.125s] Level 1:colcon.colcon_core.package_identification:_identify(src/unitree_mujoco/simulate_python/test) by extension 'ros'
[0.125s] Level 1:colcon.colcon_core.package_identification:_identify(src/unitree_mujoco/simulate_python/test) by extensions ['cmake', 'python']
[0.125s] Level 1:colcon.colcon_core.package_identification:_identify(src/unitree_mujoco/simulate_python/test) by extension 'cmake'
[0.125s] Level 1:colcon.colcon_core.package_identification:_identify(src/unitree_mujoco/simulate_python/test) by extension 'python'
[0.125s] Level 1:colcon.colcon_core.package_identification:_identify(src/unitree_mujoco/simulate_python/test) by extensions ['python_setup_py']
[0.125s] Level 1:colcon.colcon_core.package_identification:_identify(src/unitree_mujoco/simulate_python/test) by extension 'python_setup_py'
[0.125s] Level 1:colcon.colcon_core.package_identification:_identify(src/unitree_mujoco/terrain_tool) by extensions ['ignore', 'ignore_ament_install']
[0.125s] Level 1:colcon.colcon_core.package_identification:_identify(src/unitree_mujoco/terrain_tool) by extension 'ignore'
[0.125s] Level 1:colcon.colcon_core.package_identification:_identify(src/unitree_mujoco/terrain_tool) by extension 'ignore_ament_install'
[0.125s] Level 1:colcon.colcon_core.package_identification:_identify(src/unitree_mujoco/terrain_tool) by extensions ['colcon_pkg']
[0.125s] Level 1:colcon.colcon_core.package_identification:_identify(src/unitree_mujoco/terrain_tool) by extension 'colcon_pkg'
[0.125s] Level 1:colcon.colcon_core.package_identification:_identify(src/unitree_mujoco/terrain_tool) by extensions ['colcon_meta']
[0.125s] Level 1:colcon.colcon_core.package_identification:_identify(src/unitree_mujoco/terrain_tool) by extension 'colcon_meta'
[0.125s] Level 1:colcon.colcon_core.package_identification:_identify(src/unitree_mujoco/terrain_tool) by extensions ['ros']
[0.125s] Level 1:colcon.colcon_core.package_identification:_identify(src/unitree_mujoco/terrain_tool) by extension 'ros'
[0.125s] Level 1:colcon.colcon_core.package_identification:_identify(src/unitree_mujoco/terrain_tool) by extensions ['cmake', 'python']
[0.125s] Level 1:colcon.colcon_core.package_identification:_identify(src/unitree_mujoco/terrain_tool) by extension 'cmake'
[0.125s] Level 1:colcon.colcon_core.package_identification:_identify(src/unitree_mujoco/terrain_tool) by extension 'python'
[0.125s] Level 1:colcon.colcon_core.package_identification:_identify(src/unitree_mujoco/terrain_tool) by extensions ['python_setup_py']
[0.125s] Level 1:colcon.colcon_core.package_identification:_identify(src/unitree_mujoco/terrain_tool) by extension 'python_setup_py'
[0.125s] Level 1:colcon.colcon_core.package_identification:_identify(src/unitree_mujoco/unitree_robots) by extensions ['ignore', 'ignore_ament_install']
[0.125s] Level 1:colcon.colcon_core.package_identification:_identify(src/unitree_mujoco/unitree_robots) by extension 'ignore'
[0.125s] Level 1:colcon.colcon_core.package_identification:_identify(src/unitree_mujoco/unitree_robots) by extension 'ignore_ament_install'
[0.125s] Level 1:colcon.colcon_core.package_identification:_identify(src/unitree_mujoco/unitree_robots) by extensions ['colcon_pkg']
[0.125s] Level 1:colcon.colcon_core.package_identification:_identify(src/unitree_mujoco/unitree_robots) by extension 'colcon_pkg'
[0.125s] Level 1:colcon.colcon_core.package_identification:_identify(src/unitree_mujoco/unitree_robots) by extensions ['colcon_meta']
[0.125s] Level 1:colcon.colcon_core.package_identification:_identify(src/unitree_mujoco/unitree_robots) by extension 'colcon_meta'
[0.125s] Level 1:colcon.colcon_core.package_identification:_identify(src/unitree_mujoco/unitree_robots) by extensions ['ros']
[0.125s] Level 1:colcon.colcon_core.package_identification:_identify(src/unitree_mujoco/unitree_robots) by extension 'ros'
[0.125s] Level 1:colcon.colcon_core.package_identification:_identify(src/unitree_mujoco/unitree_robots) by extensions ['cmake', 'python']
[0.125s] Level 1:colcon.colcon_core.package_identification:_identify(src/unitree_mujoco/unitree_robots) by extension 'cmake'
[0.125s] Level 1:colcon.colcon_core.package_identification:_identify(src/unitree_mujoco/unitree_robots) by extension 'python'
[0.126s] Level 1:colcon.colcon_core.package_identification:_identify(src/unitree_mujoco/unitree_robots) by extensions ['python_setup_py']
[0.126s] Level 1:colcon.colcon_core.package_identification:_identify(src/unitree_mujoco/unitree_robots) by extension 'python_setup_py'
[0.126s] Level 1:colcon.colcon_core.package_identification:_identify(src/unitree_mujoco/unitree_robots/a2) by extensions ['ignore', 'ignore_ament_install']
[0.126s] Level 1:colcon.colcon_core.package_identification:_identify(src/unitree_mujoco/unitree_robots/a2) by extension 'ignore'
[0.126s] Level 1:colcon.colcon_core.package_identification:_identify(src/unitree_mujoco/unitree_robots/a2) by extension 'ignore_ament_install'
[0.126s] Level 1:colcon.colcon_core.package_identification:_identify(src/unitree_mujoco/unitree_robots/a2) by extensions ['colcon_pkg']
[0.126s] Level 1:colcon.colcon_core.package_identification:_identify(src/unitree_mujoco/unitree_robots/a2) by extension 'colcon_pkg'
[0.126s] Level 1:colcon.colcon_core.package_identification:_identify(src/unitree_mujoco/unitree_robots/a2) by extensions ['colcon_meta']
[0.126s] Level 1:colcon.colcon_core.package_identification:_identify(src/unitree_mujoco/unitree_robots/a2) by extension 'colcon_meta'
[0.126s] Level 1:colcon.colcon_core.package_identification:_identify(src/unitree_mujoco/unitree_robots/a2) by extensions ['ros']
[0.126s] Level 1:colcon.colcon_core.package_identification:_identify(src/unitree_mujoco/unitree_robots/a2) by extension 'ros'
[0.126s] Level 1:colcon.colcon_core.package_identification:_identify(src/unitree_mujoco/unitree_robots/a2) by extensions ['cmake', 'python']
[0.126s] Level 1:colcon.colcon_core.package_identification:_identify(src/unitree_mujoco/unitree_robots/a2) by extension 'cmake'
[0.126s] Level 1:colcon.colcon_core.package_identification:_identify(src/unitree_mujoco/unitree_robots/a2) by extension 'python'
[0.126s] Level 1:colcon.colcon_core.package_identification:_identify(src/unitree_mujoco/unitree_robots/a2) by extensions ['python_setup_py']
[0.126s] Level 1:colcon.colcon_core.package_identification:_identify(src/unitree_mujoco/unitree_robots/a2) by extension 'python_setup_py'
[0.126s] Level 1:colcon.colcon_core.package_identification:_identify(src/unitree_mujoco/unitree_robots/a2/meshes) by extensions ['ignore', 'ignore_ament_install']
[0.126s] Level 1:colcon.colcon_core.package_identification:_identify(src/unitree_mujoco/unitree_robots/a2/meshes) by extension 'ignore'
[0.126s] Level 1:colcon.colcon_core.package_identification:_identify(src/unitree_mujoco/unitree_robots/a2/meshes) by extension 'ignore_ament_install'
[0.126s] Level 1:colcon.colcon_core.package_identification:_identify(src/unitree_mujoco/unitree_robots/a2/meshes) by extensions ['colcon_pkg']
[0.126s] Level 1:colcon.colcon_core.package_identification:_identify(src/unitree_mujoco/unitree_robots/a2/meshes) by extension 'colcon_pkg'
[0.126s] Level 1:colcon.colcon_core.package_identification:_identify(src/unitree_mujoco/unitree_robots/a2/meshes) by extensions ['colcon_meta']
[0.126s] Level 1:colcon.colcon_core.package_identification:_identify(src/unitree_mujoco/unitree_robots/a2/meshes) by extension 'colcon_meta'
[0.126s] Level 1:colcon.colcon_core.package_identification:_identify(src/unitree_mujoco/unitree_robots/a2/meshes) by extensions ['ros']
[0.126s] Level 1:colcon.colcon_core.package_identification:_identify(src/unitree_mujoco/unitree_robots/a2/meshes) by extension 'ros'
[0.126s] Level 1:colcon.colcon_core.package_identification:_identify(src/unitree_mujoco/unitree_robots/a2/meshes) by extensions ['cmake', 'python']
[0.126s] Level 1:colcon.colcon_core.package_identification:_identify(src/unitree_mujoco/unitree_robots/a2/meshes) by extension 'cmake'
[0.126s] Level 1:colcon.colcon_core.package_identification:_identify(src/unitree_mujoco/unitree_robots/a2/meshes) by extension 'python'
[0.126s] Level 1:colcon.colcon_core.package_identification:_identify(src/unitree_mujoco/unitree_robots/a2/meshes) by extensions ['python_setup_py']
[0.126s] Level 1:colcon.colcon_core.package_identification:_identify(src/unitree_mujoco/unitree_robots/a2/meshes) by extension 'python_setup_py'
[0.126s] Level 1:colcon.colcon_core.package_identification:_identify(src/unitree_mujoco/unitree_robots/a2/meshes/convex) by extensions ['ignore', 'ignore_ament_install']
[0.126s] Level 1:colcon.colcon_core.package_identification:_identify(src/unitree_mujoco/unitree_robots/a2/meshes/convex) by extension 'ignore'
[0.126s] Level 1:colcon.colcon_core.package_identification:_identify(src/unitree_mujoco/unitree_robots/a2/meshes/convex) by extension 'ignore_ament_install'
[0.126s] Level 1:colcon.colcon_core.package_identification:_identify(src/unitree_mujoco/unitree_robots/a2/meshes/convex) by extensions ['colcon_pkg']
[0.126s] Level 1:colcon.colcon_core.package_identification:_identify(src/unitree_mujoco/unitree_robots/a2/meshes/convex) by extension 'colcon_pkg'
[0.126s] Level 1:colcon.colcon_core.package_identification:_identify(src/unitree_mujoco/unitree_robots/a2/meshes/convex) by extensions ['colcon_meta']
[0.126s] Level 1:colcon.colcon_core.package_identification:_identify(src/unitree_mujoco/unitree_robots/a2/meshes/convex) by extension 'colcon_meta'
[0.126s] Level 1:colcon.colcon_core.package_identification:_identify(src/unitree_mujoco/unitree_robots/a2/meshes/convex) by extensions ['ros']
[0.126s] Level 1:colcon.colcon_core.package_identification:_identify(src/unitree_mujoco/unitree_robots/a2/meshes/convex) by extension 'ros'
[0.126s] Level 1:colcon.colcon_core.package_identification:_identify(src/unitree_mujoco/unitree_robots/a2/meshes/convex) by extensions ['cmake', 'python']
[0.126s] Level 1:colcon.colcon_core.package_identification:_identify(src/unitree_mujoco/unitree_robots/a2/meshes/convex) by extension 'cmake'
[0.126s] Level 1:colcon.colcon_core.package_identification:_identify(src/unitree_mujoco/unitree_robots/a2/meshes/convex) by extension 'python'
[0.126s] Level 1:colcon.colcon_core.package_identification:_identify(src/unitree_mujoco/unitree_robots/a2/meshes/convex) by extensions ['python_setup_py']
[0.126s] Level 1:colcon.colcon_core.package_identification:_identify(src/unitree_mujoco/unitree_robots/a2/meshes/convex) by extension 'python_setup_py'
[0.126s] Level 1:colcon.colcon_core.package_identification:_identify(src/unitree_mujoco/unitree_robots/a2/meshes/convex/crate_board) by extensions ['ignore', 'ignore_ament_install']
[0.126s] Level 1:colcon.colcon_core.package_identification:_identify(src/unitree_mujoco/unitree_robots/a2/meshes/convex/crate_board) by extension 'ignore'
[0.126s] Level 1:colcon.colcon_core.package_identification:_identify(src/unitree_mujoco/unitree_robots/a2/meshes/convex/crate_board) by extension 'ignore_ament_install'
[0.126s] Level 1:colcon.colcon_core.package_identification:_identify(src/unitree_mujoco/unitree_robots/a2/meshes/convex/crate_board) by extensions ['colcon_pkg']
[0.126s] Level 1:colcon.colcon_core.package_identification:_identify(src/unitree_mujoco/unitree_robots/a2/meshes/convex/crate_board) by extension 'colcon_pkg'
[0.126s] Level 1:colcon.colcon_core.package_identification:_identify(src/unitree_mujoco/unitree_robots/a2/meshes/convex/crate_board) by extensions ['colcon_meta']
[0.126s] Level 1:colcon.colcon_core.package_identification:_identify(src/unitree_mujoco/unitree_robots/a2/meshes/convex/crate_board) by extension 'colcon_meta'
[0.126s] Level 1:colcon.colcon_core.package_identification:_identify(src/unitree_mujoco/unitree_robots/a2/meshes/convex/crate_board) by extensions ['ros']
[0.126s] Level 1:colcon.colcon_core.package_identification:_identify(src/unitree_mujoco/unitree_robots/a2/meshes/convex/crate_board) by extension 'ros'
[0.126s] Level 1:colcon.colcon_core.package_identification:_identify(src/unitree_mujoco/unitree_robots/a2/meshes/convex/crate_board) by extensions ['cmake', 'python']
[0.126s] Level 1:colcon.colcon_core.package_identification:_identify(src/unitree_mujoco/unitree_robots/a2/meshes/convex/crate_board) by extension 'cmake'
[0.126s] Level 1:colcon.colcon_core.package_identification:_identify(src/unitree_mujoco/unitree_robots/a2/meshes/convex/crate_board) by extension 'python'
[0.126s] Level 1:colcon.colcon_core.package_identification:_identify(src/unitree_mujoco/unitree_robots/a2/meshes/convex/crate_board) by extensions ['python_setup_py']
[0.126s] Level 1:colcon.colcon_core.package_identification:_identify(src/unitree_mujoco/unitree_robots/a2/meshes/convex/crate_board) by extension 'python_setup_py'
[0.127s] Level 1:colcon.colcon_core.package_identification:_identify(src/unitree_mujoco/unitree_robots/a2/meshes/convex/k_rail_diagonal) by extensions ['ignore', 'ignore_ament_install']
[0.127s] Level 1:colcon.colcon_core.package_identification:_identify(src/unitree_mujoco/unitree_robots/a2/meshes/convex/k_rail_diagonal) by extension 'ignore'
[0.127s] Level 1:colcon.colcon_core.package_identification:_identify(src/unitree_mujoco/unitree_robots/a2/meshes/convex/k_rail_diagonal) by extension 'ignore_ament_install'
[0.127s] Level 1:colcon.colcon_core.package_identification:_identify(src/unitree_mujoco/unitree_robots/a2/meshes/convex/k_rail_diagonal) by extensions ['colcon_pkg']
[0.127s] Level 1:colcon.colcon_core.package_identification:_identify(src/unitree_mujoco/unitree_robots/a2/meshes/convex/k_rail_diagonal) by extension 'colcon_pkg'
[0.127s] Level 1:colcon.colcon_core.package_identification:_identify(src/unitree_mujoco/unitree_robots/a2/meshes/convex/k_rail_diagonal) by extensions ['colcon_meta']
[0.127s] Level 1:colcon.colcon_core.package_identification:_identify(src/unitree_mujoco/unitree_robots/a2/meshes/convex/k_rail_diagonal) by extension 'colcon_meta'
[0.127s] Level 1:colcon.colcon_core.package_identification:_identify(src/unitree_mujoco/unitree_robots/a2/meshes/convex/k_rail_diagonal) by extensions ['ros']
[0.127s] Level 1:colcon.colcon_core.package_identification:_identify(src/unitree_mujoco/unitree_robots/a2/meshes/convex/k_rail_diagonal) by extension 'ros'
[0.127s] Level 1:colcon.colcon_core.package_identification:_identify(src/unitree_mujoco/unitree_robots/a2/meshes/convex/k_rail_diagonal) by extensions ['cmake', 'python']
[0.127s] Level 1:colcon.colcon_core.package_identification:_identify(src/unitree_mujoco/unitree_robots/a2/meshes/convex/k_rail_diagonal) by extension 'cmake'
[0.127s] Level 1:colcon.colcon_core.package_identification:_identify(src/unitree_mujoco/unitree_robots/a2/meshes/convex/k_rail_diagonal) by extension 'python'
[0.127s] Level 1:colcon.colcon_core.package_identification:_identify(src/unitree_mujoco/unitree_robots/a2/meshes/convex/k_rail_diagonal) by extensions ['python_setup_py']
[0.127s] Level 1:colcon.colcon_core.package_identification:_identify(src/unitree_mujoco/unitree_robots/a2/meshes/convex/k_rail_diagonal) by extension 'python_setup_py'
[0.127s] Level 1:colcon.colcon_core.package_identification:_identify(src/unitree_mujoco/unitree_robots/a2/meshes/convex/lane_floor) by extensions ['ignore', 'ignore_ament_install']
[0.127s] Level 1:colcon.colcon_core.package_identification:_identify(src/unitree_mujoco/unitree_robots/a2/meshes/convex/lane_floor) by extension 'ignore'
[0.127s] Level 1:colcon.colcon_core.package_identification:_identify(src/unitree_mujoco/unitree_robots/a2/meshes/convex/lane_floor) by extension 'ignore_ament_install'
[0.127s] Level 1:colcon.colcon_core.package_identification:_identify(src/unitree_mujoco/unitree_robots/a2/meshes/convex/lane_floor) by extensions ['colcon_pkg']
[0.127s] Level 1:colcon.colcon_core.package_identification:_identify(src/unitree_mujoco/unitree_robots/a2/meshes/convex/lane_floor) by extension 'colcon_pkg'
[0.127s] Level 1:colcon.colcon_core.package_identification:_identify(src/unitree_mujoco/unitree_robots/a2/meshes/convex/lane_floor) by extensions ['colcon_meta']
[0.127s] Level 1:colcon.colcon_core.package_identification:_identify(src/unitree_mujoco/unitree_robots/a2/meshes/convex/lane_floor) by extension 'colcon_meta'
[0.127s] Level 1:colcon.colcon_core.package_identification:_identify(src/unitree_mujoco/unitree_robots/a2/meshes/convex/lane_floor) by extensions ['ros']
[0.127s] Level 1:colcon.colcon_core.package_identification:_identify(src/unitree_mujoco/unitree_robots/a2/meshes/convex/lane_floor) by extension 'ros'
[0.127s] Level 1:colcon.colcon_core.package_identification:_identify(src/unitree_mujoco/unitree_robots/a2/meshes/convex/lane_floor) by extensions ['cmake', 'python']
[0.127s] Level 1:colcon.colcon_core.package_identification:_identify(src/unitree_mujoco/unitree_robots/a2/meshes/convex/lane_floor) by extension 'cmake'
[0.127s] Level 1:colcon.colcon_core.package_identification:_identify(src/unitree_mujoco/unitree_robots/a2/meshes/convex/lane_floor) by extension 'python'
[0.127s] Level 1:colcon.colcon_core.package_identification:_identify(src/unitree_mujoco/unitree_robots/a2/meshes/convex/lane_floor) by extensions ['python_setup_py']
[0.127s] Level 1:colcon.colcon_core.package_identification:_identify(src/unitree_mujoco/unitree_robots/a2/meshes/convex/lane_floor) by extension 'python_setup_py'
[0.127s] Level 1:colcon.colcon_core.package_identification:_identify(src/unitree_mujoco/unitree_robots/a2/meshes/convex/pallet_step) by extensions ['ignore', 'ignore_ament_install']
[0.127s] Level 1:colcon.colcon_core.package_identification:_identify(src/unitree_mujoco/unitree_robots/a2/meshes/convex/pallet_step) by extension 'ignore'
[0.127s] Level 1:colcon.colcon_core.package_identification:_identify(src/unitree_mujoco/unitree_robots/a2/meshes/convex/pallet_step) by extension 'ignore_ament_install'
[0.127s] Level 1:colcon.colcon_core.package_identification:_identify(src/unitree_mujoco/unitree_robots/a2/meshes/convex/pallet_step) by extensions ['colcon_pkg']
[0.127s] Level 1:colcon.colcon_core.package_identification:_identify(src/unitree_mujoco/unitree_robots/a2/meshes/convex/pallet_step) by extension 'colcon_pkg'
[0.127s] Level 1:colcon.colcon_core.package_identification:_identify(src/unitree_mujoco/unitree_robots/a2/meshes/convex/pallet_step) by extensions ['colcon_meta']
[0.127s] Level 1:colcon.colcon_core.package_identification:_identify(src/unitree_mujoco/unitree_robots/a2/meshes/convex/pallet_step) by extension 'colcon_meta'
[0.127s] Level 1:colcon.colcon_core.package_identification:_identify(src/unitree_mujoco/unitree_robots/a2/meshes/convex/pallet_step) by extensions ['ros']
[0.127s] Level 1:colcon.colcon_core.package_identification:_identify(src/unitree_mujoco/unitree_robots/a2/meshes/convex/pallet_step) by extension 'ros'
[0.127s] Level 1:colcon.colcon_core.package_identification:_identify(src/unitree_mujoco/unitree_robots/a2/meshes/convex/pallet_step) by extensions ['cmake', 'python']
[0.127s] Level 1:colcon.colcon_core.package_identification:_identify(src/unitree_mujoco/unitree_robots/a2/meshes/convex/pallet_step) by extension 'cmake'
[0.127s] Level 1:colcon.colcon_core.package_identification:_identify(src/unitree_mujoco/unitree_robots/a2/meshes/convex/pallet_step) by extension 'python'
[0.127s] Level 1:colcon.colcon_core.package_identification:_identify(src/unitree_mujoco/unitree_robots/a2/meshes/convex/pallet_step) by extensions ['python_setup_py']
[0.127s] Level 1:colcon.colcon_core.package_identification:_identify(src/unitree_mujoco/unitree_robots/a2/meshes/convex/pallet_step) by extension 'python_setup_py'
[0.127s] Level 1:colcon.colcon_core.package_identification:_identify(src/unitree_mujoco/unitree_robots/a2/meshes/convex/pallet_step_with_pipe) by extensions ['ignore', 'ignore_ament_install']
[0.127s] Level 1:colcon.colcon_core.package_identification:_identify(src/unitree_mujoco/unitree_robots/a2/meshes/convex/pallet_step_with_pipe) by extension 'ignore'
[0.127s] Level 1:colcon.colcon_core.package_identification:_identify(src/unitree_mujoco/unitree_robots/a2/meshes/convex/pallet_step_with_pipe) by extension 'ignore_ament_install'
[0.127s] Level 1:colcon.colcon_core.package_identification:_identify(src/unitree_mujoco/unitree_robots/a2/meshes/convex/pallet_step_with_pipe) by extensions ['colcon_pkg']
[0.127s] Level 1:colcon.colcon_core.package_identification:_identify(src/unitree_mujoco/unitree_robots/a2/meshes/convex/pallet_step_with_pipe) by extension 'colcon_pkg'
[0.127s] Level 1:colcon.colcon_core.package_identification:_identify(src/unitree_mujoco/unitree_robots/a2/meshes/convex/pallet_step_with_pipe) by extensions ['colcon_meta']
[0.127s] Level 1:colcon.colcon_core.package_identification:_identify(src/unitree_mujoco/unitree_robots/a2/meshes/convex/pallet_step_with_pipe) by extension 'colcon_meta'
[0.127s] Level 1:colcon.colcon_core.package_identification:_identify(src/unitree_mujoco/unitree_robots/a2/meshes/convex/pallet_step_with_pipe) by extensions ['ros']
[0.127s] Level 1:colcon.colcon_core.package_identification:_identify(src/unitree_mujoco/unitree_robots/a2/meshes/convex/pallet_step_with_pipe) by extension 'ros'
[0.127s] Level 1:colcon.colcon_core.package_identification:_identify(src/unitree_mujoco/unitree_robots/a2/meshes/convex/pallet_step_with_pipe) by extensions ['cmake', 'python']
[0.127s] Level 1:colcon.colcon_core.package_identification:_identify(src/unitree_mujoco/unitree_robots/a2/meshes/convex/pallet_step_with_pipe) by extension 'cmake'
[0.127s] Level 1:colcon.colcon_core.package_identification:_identify(src/unitree_mujoco/unitree_robots/a2/meshes/convex/pallet_step_with_pipe) by extension 'python'
[0.127s] Level 1:colcon.colcon_core.package_identification:_identify(src/unitree_mujoco/unitree_robots/a2/meshes/convex/pallet_step_with_pipe) by extensions ['python_setup_py']
[0.127s] Level 1:colcon.colcon_core.package_identification:_identify(src/unitree_mujoco/unitree_robots/a2/meshes/convex/pallet_step_with_pipe) by extension 'python_setup_py'
[0.128s] Level 1:colcon.colcon_core.package_identification:_identify(src/unitree_mujoco/unitree_robots/a2/meshes/convex/ramp) by extensions ['ignore', 'ignore_ament_install']
[0.128s] Level 1:colcon.colcon_core.package_identification:_identify(src/unitree_mujoco/unitree_robots/a2/meshes/convex/ramp) by extension 'ignore'
[0.128s] Level 1:colcon.colcon_core.package_identification:_identify(src/unitree_mujoco/unitree_robots/a2/meshes/convex/ramp) by extension 'ignore_ament_install'
[0.128s] Level 1:colcon.colcon_core.package_identification:_identify(src/unitree_mujoco/unitree_robots/a2/meshes/convex/ramp) by extensions ['colcon_pkg']
[0.128s] Level 1:colcon.colcon_core.package_identification:_identify(src/unitree_mujoco/unitree_robots/a2/meshes/convex/ramp) by extension 'colcon_pkg'
[0.128s] Level 1:colcon.colcon_core.package_identification:_identify(src/unitree_mujoco/unitree_robots/a2/meshes/convex/ramp) by extensions ['colcon_meta']
[0.128s] Level 1:colcon.colcon_core.package_identification:_identify(src/unitree_mujoco/unitree_robots/a2/meshes/convex/ramp) by extension 'colcon_meta'
[0.128s] Level 1:colcon.colcon_core.package_identification:_identify(src/unitree_mujoco/unitree_robots/a2/meshes/convex/ramp) by extensions ['ros']
[0.128s] Level 1:colcon.colcon_core.package_identification:_identify(src/unitree_mujoco/unitree_robots/a2/meshes/convex/ramp) by extension 'ros'
[0.128s] Level 1:colcon.colcon_core.package_identification:_identify(src/unitree_mujoco/unitree_robots/a2/meshes/convex/ramp) by extensions ['cmake', 'python']
[0.128s] Level 1:colcon.colcon_core.package_identification:_identify(src/unitree_mujoco/unitree_robots/a2/meshes/convex/ramp) by extension 'cmake'
[0.128s] Level 1:colcon.colcon_core.package_identification:_identify(src/unitree_mujoco/unitree_robots/a2/meshes/convex/ramp) by extension 'python'
[0.128s] Level 1:colcon.colcon_core.package_identification:_identify(src/unitree_mujoco/unitree_robots/a2/meshes/convex/ramp) by extensions ['python_setup_py']
[0.128s] Level 1:colcon.colcon_core.package_identification:_identify(src/unitree_mujoco/unitree_robots/a2/meshes/convex/ramp) by extension 'python_setup_py'
[0.128s] Level 1:colcon.colcon_core.package_identification:_identify(src/unitree_mujoco/unitree_robots/a2/meshes/convex/stepover_1) by extensions ['ignore', 'ignore_ament_install']
[0.128s] Level 1:colcon.colcon_core.package_identification:_identify(src/unitree_mujoco/unitree_robots/a2/meshes/convex/stepover_1) by extension 'ignore'
[0.128s] Level 1:colcon.colcon_core.package_identification:_identify(src/unitree_mujoco/unitree_robots/a2/meshes/convex/stepover_1) by extension 'ignore_ament_install'
[0.128s] Level 1:colcon.colcon_core.package_identification:_identify(src/unitree_mujoco/unitree_robots/a2/meshes/convex/stepover_1) by extensions ['colcon_pkg']
[0.128s] Level 1:colcon.colcon_core.package_identification:_identify(src/unitree_mujoco/unitree_robots/a2/meshes/convex/stepover_1) by extension 'colcon_pkg'
[0.128s] Level 1:colcon.colcon_core.package_identification:_identify(src/unitree_mujoco/unitree_robots/a2/meshes/convex/stepover_1) by extensions ['colcon_meta']
[0.128s] Level 1:colcon.colcon_core.package_identification:_identify(src/unitree_mujoco/unitree_robots/a2/meshes/convex/stepover_1) by extension 'colcon_meta'
[0.128s] Level 1:colcon.colcon_core.package_identification:_identify(src/unitree_mujoco/unitree_robots/a2/meshes/convex/stepover_1) by extensions ['ros']
[0.128s] Level 1:colcon.colcon_core.package_identification:_identify(src/unitree_mujoco/unitree_robots/a2/meshes/convex/stepover_1) by extension 'ros'
[0.128s] Level 1:colcon.colcon_core.package_identification:_identify(src/unitree_mujoco/unitree_robots/a2/meshes/convex/stepover_1) by extensions ['cmake', 'python']
[0.128s] Level 1:colcon.colcon_core.package_identification:_identify(src/unitree_mujoco/unitree_robots/a2/meshes/convex/stepover_1) by extension 'cmake'
[0.128s] Level 1:colcon.colcon_core.package_identification:_identify(src/unitree_mujoco/unitree_robots/a2/meshes/convex/stepover_1) by extension 'python'
[0.128s] Level 1:colcon.colcon_core.package_identification:_identify(src/unitree_mujoco/unitree_robots/a2/meshes/convex/stepover_1) by extensions ['python_setup_py']
[0.128s] Level 1:colcon.colcon_core.package_identification:_identify(src/unitree_mujoco/unitree_robots/a2/meshes/convex/stepover_1) by extension 'python_setup_py'
[0.128s] Level 1:colcon.colcon_core.package_identification:_identify(src/unitree_mujoco/unitree_robots/a2/meshes/convex/stepover_2) by extensions ['ignore', 'ignore_ament_install']
[0.128s] Level 1:colcon.colcon_core.package_identification:_identify(src/unitree_mujoco/unitree_robots/a2/meshes/convex/stepover_2) by extension 'ignore'
[0.128s] Level 1:colcon.colcon_core.package_identification:_identify(src/unitree_mujoco/unitree_robots/a2/meshes/convex/stepover_2) by extension 'ignore_ament_install'
[0.128s] Level 1:colcon.colcon_core.package_identification:_identify(src/unitree_mujoco/unitree_robots/a2/meshes/convex/stepover_2) by extensions ['colcon_pkg']
[0.128s] Level 1:colcon.colcon_core.package_identification:_identify(src/unitree_mujoco/unitree_robots/a2/meshes/convex/stepover_2) by extension 'colcon_pkg'
[0.128s] Level 1:colcon.colcon_core.package_identification:_identify(src/unitree_mujoco/unitree_robots/a2/meshes/convex/stepover_2) by extensions ['colcon_meta']
[0.128s] Level 1:colcon.colcon_core.package_identification:_identify(src/unitree_mujoco/unitree_robots/a2/meshes/convex/stepover_2) by extension 'colcon_meta'
[0.128s] Level 1:colcon.colcon_core.package_identification:_identify(src/unitree_mujoco/unitree_robots/a2/meshes/convex/stepover_2) by extensions ['ros']
[0.128s] Level 1:colcon.colcon_core.package_identification:_identify(src/unitree_mujoco/unitree_robots/a2/meshes/convex/stepover_2) by extension 'ros'
[0.128s] Level 1:colcon.colcon_core.package_identification:_identify(src/unitree_mujoco/unitree_robots/a2/meshes/convex/stepover_2) by extensions ['cmake', 'python']
[0.128s] Level 1:colcon.colcon_core.package_identification:_identify(src/unitree_mujoco/unitree_robots/a2/meshes/convex/stepover_2) by extension 'cmake'
[0.128s] Level 1:colcon.colcon_core.package_identification:_identify(src/unitree_mujoco/unitree_robots/a2/meshes/convex/stepover_2) by extension 'python'
[0.128s] Level 1:colcon.colcon_core.package_identification:_identify(src/unitree_mujoco/unitree_robots/a2/meshes/convex/stepover_2) by extensions ['python_setup_py']
[0.128s] Level 1:colcon.colcon_core.package_identification:_identify(src/unitree_mujoco/unitree_robots/a2/meshes/convex/stepover_2) by extension 'python_setup_py'
[0.128s] Level 1:colcon.colcon_core.package_identification:_identify(src/unitree_mujoco/unitree_robots/a2/meshes/visual) by extensions ['ignore', 'ignore_ament_install']
[0.128s] Level 1:colcon.colcon_core.package_identification:_identify(src/unitree_mujoco/unitree_robots/a2/meshes/visual) by extension 'ignore'
[0.128s] Level 1:colcon.colcon_core.package_identification:_identify(src/unitree_mujoco/unitree_robots/a2/meshes/visual) by extension 'ignore_ament_install'
[0.128s] Level 1:colcon.colcon_core.package_identification:_identify(src/unitree_mujoco/unitree_robots/a2/meshes/visual) by extensions ['colcon_pkg']
[0.128s] Level 1:colcon.colcon_core.package_identification:_identify(src/unitree_mujoco/unitree_robots/a2/meshes/visual) by extension 'colcon_pkg'
[0.128s] Level 1:colcon.colcon_core.package_identification:_identify(src/unitree_mujoco/unitree_robots/a2/meshes/visual) by extensions ['colcon_meta']
[0.128s] Level 1:colcon.colcon_core.package_identification:_identify(src/unitree_mujoco/unitree_robots/a2/meshes/visual) by extension 'colcon_meta'
[0.128s] Level 1:colcon.colcon_core.package_identification:_identify(src/unitree_mujoco/unitree_robots/a2/meshes/visual) by extensions ['ros']
[0.128s] Level 1:colcon.colcon_core.package_identification:_identify(src/unitree_mujoco/unitree_robots/a2/meshes/visual) by extension 'ros'
[0.128s] Level 1:colcon.colcon_core.package_identification:_identify(src/unitree_mujoco/unitree_robots/a2/meshes/visual) by extensions ['cmake', 'python']
[0.128s] Level 1:colcon.colcon_core.package_identification:_identify(src/unitree_mujoco/unitree_robots/a2/meshes/visual) by extension 'cmake'
[0.128s] Level 1:colcon.colcon_core.package_identification:_identify(src/unitree_mujoco/unitree_robots/a2/meshes/visual) by extension 'python'
[0.128s] Level 1:colcon.colcon_core.package_identification:_identify(src/unitree_mujoco/unitree_robots/a2/meshes/visual) by extensions ['python_setup_py']
[0.128s] Level 1:colcon.colcon_core.package_identification:_identify(src/unitree_mujoco/unitree_robots/a2/meshes/visual) by extension 'python_setup_py'
[0.128s] Level 1:colcon.colcon_core.package_identification:_identify(src/unitree_mujoco/unitree_robots/b2) by extensions ['ignore', 'ignore_ament_install']
[0.129s] Level 1:colcon.colcon_core.package_identification:_identify(src/unitree_mujoco/unitree_robots/b2) by extension 'ignore'
[0.129s] Level 1:colcon.colcon_core.package_identification:_identify(src/unitree_mujoco/unitree_robots/b2) by extension 'ignore_ament_install'
[0.129s] Level 1:colcon.colcon_core.package_identification:_identify(src/unitree_mujoco/unitree_robots/b2) by extensions ['colcon_pkg']
[0.129s] Level 1:colcon.colcon_core.package_identification:_identify(src/unitree_mujoco/unitree_robots/b2) by extension 'colcon_pkg'
[0.129s] Level 1:colcon.colcon_core.package_identification:_identify(src/unitree_mujoco/unitree_robots/b2) by extensions ['colcon_meta']
[0.129s] Level 1:colcon.colcon_core.package_identification:_identify(src/unitree_mujoco/unitree_robots/b2) by extension 'colcon_meta'
[0.129s] Level 1:colcon.colcon_core.package_identification:_identify(src/unitree_mujoco/unitree_robots/b2) by extensions ['ros']
[0.129s] Level 1:colcon.colcon_core.package_identification:_identify(src/unitree_mujoco/unitree_robots/b2) by extension 'ros'
[0.129s] Level 1:colcon.colcon_core.package_identification:_identify(src/unitree_mujoco/unitree_robots/b2) by extensions ['cmake', 'python']
[0.129s] Level 1:colcon.colcon_core.package_identification:_identify(src/unitree_mujoco/unitree_robots/b2) by extension 'cmake'
[0.129s] Level 1:colcon.colcon_core.package_identification:_identify(src/unitree_mujoco/unitree_robots/b2) by extension 'python'
[0.129s] Level 1:colcon.colcon_core.package_identification:_identify(src/unitree_mujoco/unitree_robots/b2) by extensions ['python_setup_py']
[0.129s] Level 1:colcon.colcon_core.package_identification:_identify(src/unitree_mujoco/unitree_robots/b2) by extension 'python_setup_py'
[0.129s] Level 1:colcon.colcon_core.package_identification:_identify(src/unitree_mujoco/unitree_robots/b2/assets) by extensions ['ignore', 'ignore_ament_install']
[0.129s] Level 1:colcon.colcon_core.package_identification:_identify(src/unitree_mujoco/unitree_robots/b2/assets) by extension 'ignore'
[0.129s] Level 1:colcon.colcon_core.package_identification:_identify(src/unitree_mujoco/unitree_robots/b2/assets) by extension 'ignore_ament_install'
[0.129s] Level 1:colcon.colcon_core.package_identification:_identify(src/unitree_mujoco/unitree_robots/b2/assets) by extensions ['colcon_pkg']
[0.129s] Level 1:colcon.colcon_core.package_identification:_identify(src/unitree_mujoco/unitree_robots/b2/assets) by extension 'colcon_pkg'
[0.129s] Level 1:colcon.colcon_core.package_identification:_identify(src/unitree_mujoco/unitree_robots/b2/assets) by extensions ['colcon_meta']
[0.129s] Level 1:colcon.colcon_core.package_identification:_identify(src/unitree_mujoco/unitree_robots/b2/assets) by extension 'colcon_meta'
[0.129s] Level 1:colcon.colcon_core.package_identification:_identify(src/unitree_mujoco/unitree_robots/b2/assets) by extensions ['ros']
[0.129s] Level 1:colcon.colcon_core.package_identification:_identify(src/unitree_mujoco/unitree_robots/b2/assets) by extension 'ros'
[0.129s] Level 1:colcon.colcon_core.package_identification:_identify(src/unitree_mujoco/unitree_robots/b2/assets) by extensions ['cmake', 'python']
[0.129s] Level 1:colcon.colcon_core.package_identification:_identify(src/unitree_mujoco/unitree_robots/b2/assets) by extension 'cmake'
[0.129s] Level 1:colcon.colcon_core.package_identification:_identify(src/unitree_mujoco/unitree_robots/b2/assets) by extension 'python'
[0.129s] Level 1:colcon.colcon_core.package_identification:_identify(src/unitree_mujoco/unitree_robots/b2/assets) by extensions ['python_setup_py']
[0.129s] Level 1:colcon.colcon_core.package_identification:_identify(src/unitree_mujoco/unitree_robots/b2/assets) by extension 'python_setup_py'
[0.129s] Level 1:colcon.colcon_core.package_identification:_identify(src/unitree_mujoco/unitree_robots/b2w) by extensions ['ignore', 'ignore_ament_install']
[0.129s] Level 1:colcon.colcon_core.package_identification:_identify(src/unitree_mujoco/unitree_robots/b2w) by extension 'ignore'
[0.129s] Level 1:colcon.colcon_core.package_identification:_identify(src/unitree_mujoco/unitree_robots/b2w) by extension 'ignore_ament_install'
[0.129s] Level 1:colcon.colcon_core.package_identification:_identify(src/unitree_mujoco/unitree_robots/b2w) by extensions ['colcon_pkg']
[0.129s] Level 1:colcon.colcon_core.package_identification:_identify(src/unitree_mujoco/unitree_robots/b2w) by extension 'colcon_pkg'
[0.129s] Level 1:colcon.colcon_core.package_identification:_identify(src/unitree_mujoco/unitree_robots/b2w) by extensions ['colcon_meta']
[0.129s] Level 1:colcon.colcon_core.package_identification:_identify(src/unitree_mujoco/unitree_robots/b2w) by extension 'colcon_meta'
[0.129s] Level 1:colcon.colcon_core.package_identification:_identify(src/unitree_mujoco/unitree_robots/b2w) by extensions ['ros']
[0.129s] Level 1:colcon.colcon_core.package_identification:_identify(src/unitree_mujoco/unitree_robots/b2w) by extension 'ros'
[0.129s] Level 1:colcon.colcon_core.package_identification:_identify(src/unitree_mujoco/unitree_robots/b2w) by extensions ['cmake', 'python']
[0.129s] Level 1:colcon.colcon_core.package_identification:_identify(src/unitree_mujoco/unitree_robots/b2w) by extension 'cmake'
[0.129s] Level 1:colcon.colcon_core.package_identification:_identify(src/unitree_mujoco/unitree_robots/b2w) by extension 'python'
[0.129s] Level 1:colcon.colcon_core.package_identification:_identify(src/unitree_mujoco/unitree_robots/b2w) by extensions ['python_setup_py']
[0.129s] Level 1:colcon.colcon_core.package_identification:_identify(src/unitree_mujoco/unitree_robots/b2w) by extension 'python_setup_py'
[0.129s] Level 1:colcon.colcon_core.package_identification:_identify(src/unitree_mujoco/unitree_robots/b2w/assets) by extensions ['ignore', 'ignore_ament_install']
[0.129s] Level 1:colcon.colcon_core.package_identification:_identify(src/unitree_mujoco/unitree_robots/b2w/assets) by extension 'ignore'
[0.129s] Level 1:colcon.colcon_core.package_identification:_identify(src/unitree_mujoco/unitree_robots/b2w/assets) by extension 'ignore_ament_install'
[0.129s] Level 1:colcon.colcon_core.package_identification:_identify(src/unitree_mujoco/unitree_robots/b2w/assets) by extensions ['colcon_pkg']
[0.129s] Level 1:colcon.colcon_core.package_identification:_identify(src/unitree_mujoco/unitree_robots/b2w/assets) by extension 'colcon_pkg'
[0.129s] Level 1:colcon.colcon_core.package_identification:_identify(src/unitree_mujoco/unitree_robots/b2w/assets) by extensions ['colcon_meta']
[0.129s] Level 1:colcon.colcon_core.package_identification:_identify(src/unitree_mujoco/unitree_robots/b2w/assets) by extension 'colcon_meta'
[0.129s] Level 1:colcon.colcon_core.package_identification:_identify(src/unitree_mujoco/unitree_robots/b2w/assets) by extensions ['ros']
[0.129s] Level 1:colcon.colcon_core.package_identification:_identify(src/unitree_mujoco/unitree_robots/b2w/assets) by extension 'ros'
[0.129s] Level 1:colcon.colcon_core.package_identification:_identify(src/unitree_mujoco/unitree_robots/b2w/assets) by extensions ['cmake', 'python']
[0.129s] Level 1:colcon.colcon_core.package_identification:_identify(src/unitree_mujoco/unitree_robots/b2w/assets) by extension 'cmake'
[0.129s] Level 1:colcon.colcon_core.package_identification:_identify(src/unitree_mujoco/unitree_robots/b2w/assets) by extension 'python'
[0.129s] Level 1:colcon.colcon_core.package_identification:_identify(src/unitree_mujoco/unitree_robots/b2w/assets) by extensions ['python_setup_py']
[0.129s] Level 1:colcon.colcon_core.package_identification:_identify(src/unitree_mujoco/unitree_robots/b2w/assets) by extension 'python_setup_py'
[0.129s] Level 1:colcon.colcon_core.package_identification:_identify(src/unitree_mujoco/unitree_robots/g1) by extensions ['ignore', 'ignore_ament_install']
[0.129s] Level 1:colcon.colcon_core.package_identification:_identify(src/unitree_mujoco/unitree_robots/g1) by extension 'ignore'
[0.129s] Level 1:colcon.colcon_core.package_identification:_identify(src/unitree_mujoco/unitree_robots/g1) by extension 'ignore_ament_install'
[0.129s] Level 1:colcon.colcon_core.package_identification:_identify(src/unitree_mujoco/unitree_robots/g1) by extensions ['colcon_pkg']
[0.129s] Level 1:colcon.colcon_core.package_identification:_identify(src/unitree_mujoco/unitree_robots/g1) by extension 'colcon_pkg'
[0.129s] Level 1:colcon.colcon_core.package_identification:_identify(src/unitree_mujoco/unitree_robots/g1) by extensions ['colcon_meta']
[0.130s] Level 1:colcon.colcon_core.package_identification:_identify(src/unitree_mujoco/unitree_robots/g1) by extension 'colcon_meta'
[0.130s] Level 1:colcon.colcon_core.package_identification:_identify(src/unitree_mujoco/unitree_robots/g1) by extensions ['ros']
[0.130s] Level 1:colcon.colcon_core.package_identification:_identify(src/unitree_mujoco/unitree_robots/g1) by extension 'ros'
[0.130s] Level 1:colcon.colcon_core.package_identification:_identify(src/unitree_mujoco/unitree_robots/g1) by extensions ['cmake', 'python']
[0.130s] Level 1:colcon.colcon_core.package_identification:_identify(src/unitree_mujoco/unitree_robots/g1) by extension 'cmake'
[0.130s] Level 1:colcon.colcon_core.package_identification:_identify(src/unitree_mujoco/unitree_robots/g1) by extension 'python'
[0.130s] Level 1:colcon.colcon_core.package_identification:_identify(src/unitree_mujoco/unitree_robots/g1) by extensions ['python_setup_py']
[0.130s] Level 1:colcon.colcon_core.package_identification:_identify(src/unitree_mujoco/unitree_robots/g1) by extension 'python_setup_py'
[0.130s] Level 1:colcon.colcon_core.package_identification:_identify(src/unitree_mujoco/unitree_robots/g1/images) by extensions ['ignore', 'ignore_ament_install']
[0.130s] Level 1:colcon.colcon_core.package_identification:_identify(src/unitree_mujoco/unitree_robots/g1/images) by extension 'ignore'
[0.130s] Level 1:colcon.colcon_core.package_identification:_identify(src/unitree_mujoco/unitree_robots/g1/images) by extension 'ignore_ament_install'
[0.130s] Level 1:colcon.colcon_core.package_identification:_identify(src/unitree_mujoco/unitree_robots/g1/images) by extensions ['colcon_pkg']
[0.130s] Level 1:colcon.colcon_core.package_identification:_identify(src/unitree_mujoco/unitree_robots/g1/images) by extension 'colcon_pkg'
[0.130s] Level 1:colcon.colcon_core.package_identification:_identify(src/unitree_mujoco/unitree_robots/g1/images) by extensions ['colcon_meta']
[0.130s] Level 1:colcon.colcon_core.package_identification:_identify(src/unitree_mujoco/unitree_robots/g1/images) by extension 'colcon_meta'
[0.130s] Level 1:colcon.colcon_core.package_identification:_identify(src/unitree_mujoco/unitree_robots/g1/images) by extensions ['ros']
[0.130s] Level 1:colcon.colcon_core.package_identification:_identify(src/unitree_mujoco/unitree_robots/g1/images) by extension 'ros'
[0.130s] Level 1:colcon.colcon_core.package_identification:_identify(src/unitree_mujoco/unitree_robots/g1/images) by extensions ['cmake', 'python']
[0.130s] Level 1:colcon.colcon_core.package_identification:_identify(src/unitree_mujoco/unitree_robots/g1/images) by extension 'cmake'
[0.130s] Level 1:colcon.colcon_core.package_identification:_identify(src/unitree_mujoco/unitree_robots/g1/images) by extension 'python'
[0.130s] Level 1:colcon.colcon_core.package_identification:_identify(src/unitree_mujoco/unitree_robots/g1/images) by extensions ['python_setup_py']
[0.130s] Level 1:colcon.colcon_core.package_identification:_identify(src/unitree_mujoco/unitree_robots/g1/images) by extension 'python_setup_py'
[0.130s] Level 1:colcon.colcon_core.package_identification:_identify(src/unitree_mujoco/unitree_robots/g1/meshes) by extensions ['ignore', 'ignore_ament_install']
[0.130s] Level 1:colcon.colcon_core.package_identification:_identify(src/unitree_mujoco/unitree_robots/g1/meshes) by extension 'ignore'
[0.130s] Level 1:colcon.colcon_core.package_identification:_identify(src/unitree_mujoco/unitree_robots/g1/meshes) by extension 'ignore_ament_install'
[0.130s] Level 1:colcon.colcon_core.package_identification:_identify(src/unitree_mujoco/unitree_robots/g1/meshes) by extensions ['colcon_pkg']
[0.130s] Level 1:colcon.colcon_core.package_identification:_identify(src/unitree_mujoco/unitree_robots/g1/meshes) by extension 'colcon_pkg'
[0.130s] Level 1:colcon.colcon_core.package_identification:_identify(src/unitree_mujoco/unitree_robots/g1/meshes) by extensions ['colcon_meta']
[0.130s] Level 1:colcon.colcon_core.package_identification:_identify(src/unitree_mujoco/unitree_robots/g1/meshes) by extension 'colcon_meta'
[0.130s] Level 1:colcon.colcon_core.package_identification:_identify(src/unitree_mujoco/unitree_robots/g1/meshes) by extensions ['ros']
[0.130s] Level 1:colcon.colcon_core.package_identification:_identify(src/unitree_mujoco/unitree_robots/g1/meshes) by extension 'ros'
[0.130s] Level 1:colcon.colcon_core.package_identification:_identify(src/unitree_mujoco/unitree_robots/g1/meshes) by extensions ['cmake', 'python']
[0.130s] Level 1:colcon.colcon_core.package_identification:_identify(src/unitree_mujoco/unitree_robots/g1/meshes) by extension 'cmake'
[0.130s] Level 1:colcon.colcon_core.package_identification:_identify(src/unitree_mujoco/unitree_robots/g1/meshes) by extension 'python'
[0.130s] Level 1:colcon.colcon_core.package_identification:_identify(src/unitree_mujoco/unitree_robots/g1/meshes) by extensions ['python_setup_py']
[0.130s] Level 1:colcon.colcon_core.package_identification:_identify(src/unitree_mujoco/unitree_robots/g1/meshes) by extension 'python_setup_py'
[0.130s] Level 1:colcon.colcon_core.package_identification:_identify(src/unitree_mujoco/unitree_robots/go2) by extensions ['ignore', 'ignore_ament_install']
[0.130s] Level 1:colcon.colcon_core.package_identification:_identify(src/unitree_mujoco/unitree_robots/go2) by extension 'ignore'
[0.130s] Level 1:colcon.colcon_core.package_identification:_identify(src/unitree_mujoco/unitree_robots/go2) by extension 'ignore_ament_install'
[0.130s] Level 1:colcon.colcon_core.package_identification:_identify(src/unitree_mujoco/unitree_robots/go2) by extensions ['colcon_pkg']
[0.130s] Level 1:colcon.colcon_core.package_identification:_identify(src/unitree_mujoco/unitree_robots/go2) by extension 'colcon_pkg'
[0.130s] Level 1:colcon.colcon_core.package_identification:_identify(src/unitree_mujoco/unitree_robots/go2) by extensions ['colcon_meta']
[0.130s] Level 1:colcon.colcon_core.package_identification:_identify(src/unitree_mujoco/unitree_robots/go2) by extension 'colcon_meta'
[0.130s] Level 1:colcon.colcon_core.package_identification:_identify(src/unitree_mujoco/unitree_robots/go2) by extensions ['ros']
[0.130s] Level 1:colcon.colcon_core.package_identification:_identify(src/unitree_mujoco/unitree_robots/go2) by extension 'ros'
[0.130s] Level 1:colcon.colcon_core.package_identification:_identify(src/unitree_mujoco/unitree_robots/go2) by extensions ['cmake', 'python']
[0.130s] Level 1:colcon.colcon_core.package_identification:_identify(src/unitree_mujoco/unitree_robots/go2) by extension 'cmake'
[0.130s] Level 1:colcon.colcon_core.package_identification:_identify(src/unitree_mujoco/unitree_robots/go2) by extension 'python'
[0.130s] Level 1:colcon.colcon_core.package_identification:_identify(src/unitree_mujoco/unitree_robots/go2) by extensions ['python_setup_py']
[0.130s] Level 1:colcon.colcon_core.package_identification:_identify(src/unitree_mujoco/unitree_robots/go2) by extension 'python_setup_py'
[0.130s] Level 1:colcon.colcon_core.package_identification:_identify(src/unitree_mujoco/unitree_robots/go2/assets) by extensions ['ignore', 'ignore_ament_install']
[0.130s] Level 1:colcon.colcon_core.package_identification:_identify(src/unitree_mujoco/unitree_robots/go2/assets) by extension 'ignore'
[0.130s] Level 1:colcon.colcon_core.package_identification:_identify(src/unitree_mujoco/unitree_robots/go2/assets) by extension 'ignore_ament_install'
[0.130s] Level 1:colcon.colcon_core.package_identification:_identify(src/unitree_mujoco/unitree_robots/go2/assets) by extensions ['colcon_pkg']
[0.130s] Level 1:colcon.colcon_core.package_identification:_identify(src/unitree_mujoco/unitree_robots/go2/assets) by extension 'colcon_pkg'
[0.130s] Level 1:colcon.colcon_core.package_identification:_identify(src/unitree_mujoco/unitree_robots/go2/assets) by extensions ['colcon_meta']
[0.130s] Level 1:colcon.colcon_core.package_identification:_identify(src/unitree_mujoco/unitree_robots/go2/assets) by extension 'colcon_meta'
[0.130s] Level 1:colcon.colcon_core.package_identification:_identify(src/unitree_mujoco/unitree_robots/go2/assets) by extensions ['ros']
[0.130s] Level 1:colcon.colcon_core.package_identification:_identify(src/unitree_mujoco/unitree_robots/go2/assets) by extension 'ros'
[0.130s] Level 1:colcon.colcon_core.package_identification:_identify(src/unitree_mujoco/unitree_robots/go2/assets) by extensions ['cmake', 'python']
[0.130s] Level 1:colcon.colcon_core.package_identification:_identify(src/unitree_mujoco/unitree_robots/go2/assets) by extension 'cmake'
[0.131s] Level 1:colcon.colcon_core.package_identification:_identify(src/unitree_mujoco/unitree_robots/go2/assets) by extension 'python'
[0.131s] Level 1:colcon.colcon_core.package_identification:_identify(src/unitree_mujoco/unitree_robots/go2/assets) by extensions ['python_setup_py']
[0.131s] Level 1:colcon.colcon_core.package_identification:_identify(src/unitree_mujoco/unitree_robots/go2/assets) by extension 'python_setup_py'
[0.131s] Level 1:colcon.colcon_core.package_identification:_identify(src/unitree_mujoco/unitree_robots/go2w) by extensions ['ignore', 'ignore_ament_install']
[0.131s] Level 1:colcon.colcon_core.package_identification:_identify(src/unitree_mujoco/unitree_robots/go2w) by extension 'ignore'
[0.131s] Level 1:colcon.colcon_core.package_identification:_identify(src/unitree_mujoco/unitree_robots/go2w) by extension 'ignore_ament_install'
[0.131s] Level 1:colcon.colcon_core.package_identification:_identify(src/unitree_mujoco/unitree_robots/go2w) by extensions ['colcon_pkg']
[0.131s] Level 1:colcon.colcon_core.package_identification:_identify(src/unitree_mujoco/unitree_robots/go2w) by extension 'colcon_pkg'
[0.131s] Level 1:colcon.colcon_core.package_identification:_identify(src/unitree_mujoco/unitree_robots/go2w) by extensions ['colcon_meta']
[0.131s] Level 1:colcon.colcon_core.package_identification:_identify(src/unitree_mujoco/unitree_robots/go2w) by extension 'colcon_meta'
[0.131s] Level 1:colcon.colcon_core.package_identification:_identify(src/unitree_mujoco/unitree_robots/go2w) by extensions ['ros']
[0.131s] Level 1:colcon.colcon_core.package_identification:_identify(src/unitree_mujoco/unitree_robots/go2w) by extension 'ros'
[0.131s] Level 1:colcon.colcon_core.package_identification:_identify(src/unitree_mujoco/unitree_robots/go2w) by extensions ['cmake', 'python']
[0.131s] Level 1:colcon.colcon_core.package_identification:_identify(src/unitree_mujoco/unitree_robots/go2w) by extension 'cmake'
[0.131s] Level 1:colcon.colcon_core.package_identification:_identify(src/unitree_mujoco/unitree_robots/go2w) by extension 'python'
[0.131s] Level 1:colcon.colcon_core.package_identification:_identify(src/unitree_mujoco/unitree_robots/go2w) by extensions ['python_setup_py']
[0.131s] Level 1:colcon.colcon_core.package_identification:_identify(src/unitree_mujoco/unitree_robots/go2w) by extension 'python_setup_py'
[0.131s] Level 1:colcon.colcon_core.package_identification:_identify(src/unitree_mujoco/unitree_robots/go2w/assets) by extensions ['ignore', 'ignore_ament_install']
[0.131s] Level 1:colcon.colcon_core.package_identification:_identify(src/unitree_mujoco/unitree_robots/go2w/assets) by extension 'ignore'
[0.131s] Level 1:colcon.colcon_core.package_identification:_identify(src/unitree_mujoco/unitree_robots/go2w/assets) by extension 'ignore_ament_install'
[0.131s] Level 1:colcon.colcon_core.package_identification:_identify(src/unitree_mujoco/unitree_robots/go2w/assets) by extensions ['colcon_pkg']
[0.131s] Level 1:colcon.colcon_core.package_identification:_identify(src/unitree_mujoco/unitree_robots/go2w/assets) by extension 'colcon_pkg'
[0.131s] Level 1:colcon.colcon_core.package_identification:_identify(src/unitree_mujoco/unitree_robots/go2w/assets) by extensions ['colcon_meta']
[0.131s] Level 1:colcon.colcon_core.package_identification:_identify(src/unitree_mujoco/unitree_robots/go2w/assets) by extension 'colcon_meta'
[0.131s] Level 1:colcon.colcon_core.package_identification:_identify(src/unitree_mujoco/unitree_robots/go2w/assets) by extensions ['ros']
[0.131s] Level 1:colcon.colcon_core.package_identification:_identify(src/unitree_mujoco/unitree_robots/go2w/assets) by extension 'ros'
[0.131s] Level 1:colcon.colcon_core.package_identification:_identify(src/unitree_mujoco/unitree_robots/go2w/assets) by extensions ['cmake', 'python']
[0.131s] Level 1:colcon.colcon_core.package_identification:_identify(src/unitree_mujoco/unitree_robots/go2w/assets) by extension 'cmake'
[0.131s] Level 1:colcon.colcon_core.package_identification:_identify(src/unitree_mujoco/unitree_robots/go2w/assets) by extension 'python'
[0.131s] Level 1:colcon.colcon_core.package_identification:_identify(src/unitree_mujoco/unitree_robots/go2w/assets) by extensions ['python_setup_py']
[0.131s] Level 1:colcon.colcon_core.package_identification:_identify(src/unitree_mujoco/unitree_robots/go2w/assets) by extension 'python_setup_py'
[0.131s] Level 1:colcon.colcon_core.package_identification:_identify(src/unitree_mujoco/unitree_robots/h1) by extensions ['ignore', 'ignore_ament_install']
[0.131s] Level 1:colcon.colcon_core.package_identification:_identify(src/unitree_mujoco/unitree_robots/h1) by extension 'ignore'
[0.131s] Level 1:colcon.colcon_core.package_identification:_identify(src/unitree_mujoco/unitree_robots/h1) by extension 'ignore_ament_install'
[0.131s] Level 1:colcon.colcon_core.package_identification:_identify(src/unitree_mujoco/unitree_robots/h1) by extensions ['colcon_pkg']
[0.131s] Level 1:colcon.colcon_core.package_identification:_identify(src/unitree_mujoco/unitree_robots/h1) by extension 'colcon_pkg'
[0.131s] Level 1:colcon.colcon_core.package_identification:_identify(src/unitree_mujoco/unitree_robots/h1) by extensions ['colcon_meta']
[0.131s] Level 1:colcon.colcon_core.package_identification:_identify(src/unitree_mujoco/unitree_robots/h1) by extension 'colcon_meta'
[0.131s] Level 1:colcon.colcon_core.package_identification:_identify(src/unitree_mujoco/unitree_robots/h1) by extensions ['ros']
[0.131s] Level 1:colcon.colcon_core.package_identification:_identify(src/unitree_mujoco/unitree_robots/h1) by extension 'ros'
[0.131s] Level 1:colcon.colcon_core.package_identification:_identify(src/unitree_mujoco/unitree_robots/h1) by extensions ['cmake', 'python']
[0.131s] Level 1:colcon.colcon_core.package_identification:_identify(src/unitree_mujoco/unitree_robots/h1) by extension 'cmake'
[0.131s] Level 1:colcon.colcon_core.package_identification:_identify(src/unitree_mujoco/unitree_robots/h1) by extension 'python'
[0.131s] Level 1:colcon.colcon_core.package_identification:_identify(src/unitree_mujoco/unitree_robots/h1) by extensions ['python_setup_py']
[0.131s] Level 1:colcon.colcon_core.package_identification:_identify(src/unitree_mujoco/unitree_robots/h1) by extension 'python_setup_py'
[0.131s] Level 1:colcon.colcon_core.package_identification:_identify(src/unitree_mujoco/unitree_robots/h1/assets) by extensions ['ignore', 'ignore_ament_install']
[0.131s] Level 1:colcon.colcon_core.package_identification:_identify(src/unitree_mujoco/unitree_robots/h1/assets) by extension 'ignore'
[0.131s] Level 1:colcon.colcon_core.package_identification:_identify(src/unitree_mujoco/unitree_robots/h1/assets) by extension 'ignore_ament_install'
[0.131s] Level 1:colcon.colcon_core.package_identification:_identify(src/unitree_mujoco/unitree_robots/h1/assets) by extensions ['colcon_pkg']
[0.131s] Level 1:colcon.colcon_core.package_identification:_identify(src/unitree_mujoco/unitree_robots/h1/assets) by extension 'colcon_pkg'
[0.131s] Level 1:colcon.colcon_core.package_identification:_identify(src/unitree_mujoco/unitree_robots/h1/assets) by extensions ['colcon_meta']
[0.131s] Level 1:colcon.colcon_core.package_identification:_identify(src/unitree_mujoco/unitree_robots/h1/assets) by extension 'colcon_meta'
[0.131s] Level 1:colcon.colcon_core.package_identification:_identify(src/unitree_mujoco/unitree_robots/h1/assets) by extensions ['ros']
[0.131s] Level 1:colcon.colcon_core.package_identification:_identify(src/unitree_mujoco/unitree_robots/h1/assets) by extension 'ros'
[0.131s] Level 1:colcon.colcon_core.package_identification:_identify(src/unitree_mujoco/unitree_robots/h1/assets) by extensions ['cmake', 'python']
[0.131s] Level 1:colcon.colcon_core.package_identification:_identify(src/unitree_mujoco/unitree_robots/h1/assets) by extension 'cmake'
[0.131s] Level 1:colcon.colcon_core.package_identification:_identify(src/unitree_mujoco/unitree_robots/h1/assets) by extension 'python'
[0.131s] Level 1:colcon.colcon_core.package_identification:_identify(src/unitree_mujoco/unitree_robots/h1/assets) by extensions ['python_setup_py']
[0.131s] Level 1:colcon.colcon_core.package_identification:_identify(src/unitree_mujoco/unitree_robots/h1/assets) by extension 'python_setup_py'
[0.131s] Level 1:colcon.colcon_core.package_identification:_identify(src/unitree_mujoco/unitree_robots/h1_2) by extensions ['ignore', 'ignore_ament_install']
[0.132s] Level 1:colcon.colcon_core.package_identification:_identify(src/unitree_mujoco/unitree_robots/h1_2) by extension 'ignore'
[0.132s] Level 1:colcon.colcon_core.package_identification:_identify(src/unitree_mujoco/unitree_robots/h1_2) by extension 'ignore_ament_install'
[0.132s] Level 1:colcon.colcon_core.package_identification:_identify(src/unitree_mujoco/unitree_robots/h1_2) by extensions ['colcon_pkg']
[0.132s] Level 1:colcon.colcon_core.package_identification:_identify(src/unitree_mujoco/unitree_robots/h1_2) by extension 'colcon_pkg'
[0.132s] Level 1:colcon.colcon_core.package_identification:_identify(src/unitree_mujoco/unitree_robots/h1_2) by extensions ['colcon_meta']
[0.132s] Level 1:colcon.colcon_core.package_identification:_identify(src/unitree_mujoco/unitree_robots/h1_2) by extension 'colcon_meta'
[0.132s] Level 1:colcon.colcon_core.package_identification:_identify(src/unitree_mujoco/unitree_robots/h1_2) by extensions ['ros']
[0.132s] Level 1:colcon.colcon_core.package_identification:_identify(src/unitree_mujoco/unitree_robots/h1_2) by extension 'ros'
[0.132s] Level 1:colcon.colcon_core.package_identification:_identify(src/unitree_mujoco/unitree_robots/h1_2) by extensions ['cmake', 'python']
[0.132s] Level 1:colcon.colcon_core.package_identification:_identify(src/unitree_mujoco/unitree_robots/h1_2) by extension 'cmake'
[0.132s] Level 1:colcon.colcon_core.package_identification:_identify(src/unitree_mujoco/unitree_robots/h1_2) by extension 'python'
[0.132s] Level 1:colcon.colcon_core.package_identification:_identify(src/unitree_mujoco/unitree_robots/h1_2) by extensions ['python_setup_py']
[0.132s] Level 1:colcon.colcon_core.package_identification:_identify(src/unitree_mujoco/unitree_robots/h1_2) by extension 'python_setup_py'
[0.132s] Level 1:colcon.colcon_core.package_identification:_identify(src/unitree_mujoco/unitree_robots/h1_2/meshes) by extensions ['ignore', 'ignore_ament_install']
[0.132s] Level 1:colcon.colcon_core.package_identification:_identify(src/unitree_mujoco/unitree_robots/h1_2/meshes) by extension 'ignore'
[0.132s] Level 1:colcon.colcon_core.package_identification:_identify(src/unitree_mujoco/unitree_robots/h1_2/meshes) by extension 'ignore_ament_install'
[0.132s] Level 1:colcon.colcon_core.package_identification:_identify(src/unitree_mujoco/unitree_robots/h1_2/meshes) by extensions ['colcon_pkg']
[0.132s] Level 1:colcon.colcon_core.package_identification:_identify(src/unitree_mujoco/unitree_robots/h1_2/meshes) by extension 'colcon_pkg'
[0.132s] Level 1:colcon.colcon_core.package_identification:_identify(src/unitree_mujoco/unitree_robots/h1_2/meshes) by extensions ['colcon_meta']
[0.132s] Level 1:colcon.colcon_core.package_identification:_identify(src/unitree_mujoco/unitree_robots/h1_2/meshes) by extension 'colcon_meta'
[0.132s] Level 1:colcon.colcon_core.package_identification:_identify(src/unitree_mujoco/unitree_robots/h1_2/meshes) by extensions ['ros']
[0.132s] Level 1:colcon.colcon_core.package_identification:_identify(src/unitree_mujoco/unitree_robots/h1_2/meshes) by extension 'ros'
[0.132s] Level 1:colcon.colcon_core.package_identification:_identify(src/unitree_mujoco/unitree_robots/h1_2/meshes) by extensions ['cmake', 'python']
[0.132s] Level 1:colcon.colcon_core.package_identification:_identify(src/unitree_mujoco/unitree_robots/h1_2/meshes) by extension 'cmake'
[0.132s] Level 1:colcon.colcon_core.package_identification:_identify(src/unitree_mujoco/unitree_robots/h1_2/meshes) by extension 'python'
[0.132s] Level 1:colcon.colcon_core.package_identification:_identify(src/unitree_mujoco/unitree_robots/h1_2/meshes) by extensions ['python_setup_py']
[0.132s] Level 1:colcon.colcon_core.package_identification:_identify(src/unitree_mujoco/unitree_robots/h1_2/meshes) by extension 'python_setup_py'
[0.132s] Level 1:colcon.colcon_core.package_identification:_identify(src/unitree_mujoco/unitree_robots/r1) by extensions ['ignore', 'ignore_ament_install']
[0.132s] Level 1:colcon.colcon_core.package_identification:_identify(src/unitree_mujoco/unitree_robots/r1) by extension 'ignore'
[0.132s] Level 1:colcon.colcon_core.package_identification:_identify(src/unitree_mujoco/unitree_robots/r1) by extension 'ignore_ament_install'
[0.132s] Level 1:colcon.colcon_core.package_identification:_identify(src/unitree_mujoco/unitree_robots/r1) by extensions ['colcon_pkg']
[0.132s] Level 1:colcon.colcon_core.package_identification:_identify(src/unitree_mujoco/unitree_robots/r1) by extension 'colcon_pkg'
[0.132s] Level 1:colcon.colcon_core.package_identification:_identify(src/unitree_mujoco/unitree_robots/r1) by extensions ['colcon_meta']
[0.132s] Level 1:colcon.colcon_core.package_identification:_identify(src/unitree_mujoco/unitree_robots/r1) by extension 'colcon_meta'
[0.132s] Level 1:colcon.colcon_core.package_identification:_identify(src/unitree_mujoco/unitree_robots/r1) by extensions ['ros']
[0.132s] Level 1:colcon.colcon_core.package_identification:_identify(src/unitree_mujoco/unitree_robots/r1) by extension 'ros'
[0.132s] Level 1:colcon.colcon_core.package_identification:_identify(src/unitree_mujoco/unitree_robots/r1) by extensions ['cmake', 'python']
[0.132s] Level 1:colcon.colcon_core.package_identification:_identify(src/unitree_mujoco/unitree_robots/r1) by extension 'cmake'
[0.132s] Level 1:colcon.colcon_core.package_identification:_identify(src/unitree_mujoco/unitree_robots/r1) by extension 'python'
[0.132s] Level 1:colcon.colcon_core.package_identification:_identify(src/unitree_mujoco/unitree_robots/r1) by extensions ['python_setup_py']
[0.132s] Level 1:colcon.colcon_core.package_identification:_identify(src/unitree_mujoco/unitree_robots/r1) by extension 'python_setup_py'
[0.132s] Level 1:colcon.colcon_core.package_identification:_identify(src/unitree_mujoco/unitree_robots/r1/meshes) by extensions ['ignore', 'ignore_ament_install']
[0.132s] Level 1:colcon.colcon_core.package_identification:_identify(src/unitree_mujoco/unitree_robots/r1/meshes) by extension 'ignore'
[0.132s] Level 1:colcon.colcon_core.package_identification:_identify(src/unitree_mujoco/unitree_robots/r1/meshes) by extension 'ignore_ament_install'
[0.132s] Level 1:colcon.colcon_core.package_identification:_identify(src/unitree_mujoco/unitree_robots/r1/meshes) by extensions ['colcon_pkg']
[0.132s] Level 1:colcon.colcon_core.package_identification:_identify(src/unitree_mujoco/unitree_robots/r1/meshes) by extension 'colcon_pkg'
[0.132s] Level 1:colcon.colcon_core.package_identification:_identify(src/unitree_mujoco/unitree_robots/r1/meshes) by extensions ['colcon_meta']
[0.132s] Level 1:colcon.colcon_core.package_identification:_identify(src/unitree_mujoco/unitree_robots/r1/meshes) by extension 'colcon_meta'
[0.132s] Level 1:colcon.colcon_core.package_identification:_identify(src/unitree_mujoco/unitree_robots/r1/meshes) by extensions ['ros']
[0.132s] Level 1:colcon.colcon_core.package_identification:_identify(src/unitree_mujoco/unitree_robots/r1/meshes) by extension 'ros'
[0.132s] Level 1:colcon.colcon_core.package_identification:_identify(src/unitree_mujoco/unitree_robots/r1/meshes) by extensions ['cmake', 'python']
[0.132s] Level 1:colcon.colcon_core.package_identification:_identify(src/unitree_mujoco/unitree_robots/r1/meshes) by extension 'cmake'
[0.132s] Level 1:colcon.colcon_core.package_identification:_identify(src/unitree_mujoco/unitree_robots/r1/meshes) by extension 'python'
[0.132s] Level 1:colcon.colcon_core.package_identification:_identify(src/unitree_mujoco/unitree_robots/r1/meshes) by extensions ['python_setup_py']
[0.132s] Level 1:colcon.colcon_core.package_identification:_identify(src/unitree_mujoco/unitree_robots/r1/meshes) by extension 'python_setup_py'
[0.132s] Level 1:colcon.colcon_core.package_identification:_identify(src/unitree_rl_mjlab) by extensions ['ignore', 'ignore_ament_install']
[0.132s] Level 1:colcon.colcon_core.package_identification:_identify(src/unitree_rl_mjlab) by extension 'ignore'
[0.132s] Level 1:colcon.colcon_core.package_identification:_identify(src/unitree_rl_mjlab) by extension 'ignore_ament_install'
[0.132s] Level 1:colcon.colcon_core.package_identification:_identify(src/unitree_rl_mjlab) by extensions ['colcon_pkg']
[0.132s] Level 1:colcon.colcon_core.package_identification:_identify(src/unitree_rl_mjlab) by extension 'colcon_pkg'
[0.132s] Level 1:colcon.colcon_core.package_identification:_identify(src/unitree_rl_mjlab) by extensions ['colcon_meta']
[0.133s] Level 1:colcon.colcon_core.package_identification:_identify(src/unitree_rl_mjlab) by extension 'colcon_meta'
[0.133s] Level 1:colcon.colcon_core.package_identification:_identify(src/unitree_rl_mjlab) by extensions ['ros']
[0.133s] Level 1:colcon.colcon_core.package_identification:_identify(src/unitree_rl_mjlab) by extension 'ros'
[0.133s] Level 1:colcon.colcon_core.package_identification:_identify(src/unitree_rl_mjlab) by extensions ['cmake', 'python']
[0.133s] Level 1:colcon.colcon_core.package_identification:_identify(src/unitree_rl_mjlab) by extension 'cmake'
[0.133s] Level 1:colcon.colcon_core.package_identification:_identify(src/unitree_rl_mjlab) by extension 'python'
[0.133s] Level 1:colcon.colcon_core.package_identification:_identify(src/unitree_rl_mjlab) by extensions ['python_setup_py']
[0.133s] Level 1:colcon.colcon_core.package_identification:_identify(src/unitree_rl_mjlab) by extension 'python_setup_py'
[0.236s] DEBUG:colcon.colcon_core.package_identification:Package 'src/unitree_rl_mjlab' with type 'python' and name 'unitree_rl_mjlab'
[0.236s] Level 1:colcon.colcon_core.package_identification:_identify(src/unitree_ros2) by extensions ['ignore', 'ignore_ament_install']
[0.236s] Level 1:colcon.colcon_core.package_identification:_identify(src/unitree_ros2) by extension 'ignore'
[0.236s] Level 1:colcon.colcon_core.package_identification:_identify(src/unitree_ros2) by extension 'ignore_ament_install'
[0.236s] Level 1:colcon.colcon_core.package_identification:_identify(src/unitree_ros2) by extensions ['colcon_pkg']
[0.236s] Level 1:colcon.colcon_core.package_identification:_identify(src/unitree_ros2) by extension 'colcon_pkg'
[0.236s] Level 1:colcon.colcon_core.package_identification:_identify(src/unitree_ros2) by extensions ['colcon_meta']
[0.236s] Level 1:colcon.colcon_core.package_identification:_identify(src/unitree_ros2) by extension 'colcon_meta'
[0.236s] Level 1:colcon.colcon_core.package_identification:_identify(src/unitree_ros2) by extensions ['ros']
[0.236s] Level 1:colcon.colcon_core.package_identification:_identify(src/unitree_ros2) by extension 'ros'
[0.236s] Level 1:colcon.colcon_core.package_identification:_identify(src/unitree_ros2) by extensions ['cmake', 'python']
[0.236s] Level 1:colcon.colcon_core.package_identification:_identify(src/unitree_ros2) by extension 'cmake'
[0.236s] Level 1:colcon.colcon_core.package_identification:_identify(src/unitree_ros2) by extension 'python'
[0.236s] Level 1:colcon.colcon_core.package_identification:_identify(src/unitree_ros2) by extensions ['python_setup_py']
[0.236s] Level 1:colcon.colcon_core.package_identification:_identify(src/unitree_ros2) by extension 'python_setup_py'
[0.236s] Level 1:colcon.colcon_core.package_identification:_identify(src/unitree_ros2/cyclonedds_ws) by extensions ['ignore', 'ignore_ament_install']
[0.236s] Level 1:colcon.colcon_core.package_identification:_identify(src/unitree_ros2/cyclonedds_ws) by extension 'ignore'
[0.236s] Level 1:colcon.colcon_core.package_identification:_identify(src/unitree_ros2/cyclonedds_ws) by extension 'ignore_ament_install'
[0.236s] Level 1:colcon.colcon_core.package_identification:_identify(src/unitree_ros2/cyclonedds_ws) by extensions ['colcon_pkg']
[0.236s] Level 1:colcon.colcon_core.package_identification:_identify(src/unitree_ros2/cyclonedds_ws) by extension 'colcon_pkg'
[0.236s] Level 1:colcon.colcon_core.package_identification:_identify(src/unitree_ros2/cyclonedds_ws) by extensions ['colcon_meta']
[0.237s] Level 1:colcon.colcon_core.package_identification:_identify(src/unitree_ros2/cyclonedds_ws) by extension 'colcon_meta'
[0.237s] Level 1:colcon.colcon_core.package_identification:_identify(src/unitree_ros2/cyclonedds_ws) by extensions ['ros']
[0.237s] Level 1:colcon.colcon_core.package_identification:_identify(src/unitree_ros2/cyclonedds_ws) by extension 'ros'
[0.237s] Level 1:colcon.colcon_core.package_identification:_identify(src/unitree_ros2/cyclonedds_ws) by extensions ['cmake', 'python']
[0.237s] Level 1:colcon.colcon_core.package_identification:_identify(src/unitree_ros2/cyclonedds_ws) by extension 'cmake'
[0.237s] Level 1:colcon.colcon_core.package_identification:_identify(src/unitree_ros2/cyclonedds_ws) by extension 'python'
[0.237s] Level 1:colcon.colcon_core.package_identification:_identify(src/unitree_ros2/cyclonedds_ws) by extensions ['python_setup_py']
[0.237s] Level 1:colcon.colcon_core.package_identification:_identify(src/unitree_ros2/cyclonedds_ws) by extension 'python_setup_py'
[0.237s] Level 1:colcon.colcon_core.package_identification:_identify(src/unitree_ros2/cyclonedds_ws/src) by extensions ['ignore', 'ignore_ament_install']
[0.237s] Level 1:colcon.colcon_core.package_identification:_identify(src/unitree_ros2/cyclonedds_ws/src) by extension 'ignore'
[0.237s] Level 1:colcon.colcon_core.package_identification:_identify(src/unitree_ros2/cyclonedds_ws/src) by extension 'ignore_ament_install'
[0.237s] Level 1:colcon.colcon_core.package_identification:_identify(src/unitree_ros2/cyclonedds_ws/src) by extensions ['colcon_pkg']
[0.237s] Level 1:colcon.colcon_core.package_identification:_identify(src/unitree_ros2/cyclonedds_ws/src) by extension 'colcon_pkg'
[0.237s] Level 1:colcon.colcon_core.package_identification:_identify(src/unitree_ros2/cyclonedds_ws/src) by extensions ['colcon_meta']
[0.237s] Level 1:colcon.colcon_core.package_identification:_identify(src/unitree_ros2/cyclonedds_ws/src) by extension 'colcon_meta'
[0.237s] Level 1:colcon.colcon_core.package_identification:_identify(src/unitree_ros2/cyclonedds_ws/src) by extensions ['ros']
[0.237s] Level 1:colcon.colcon_core.package_identification:_identify(src/unitree_ros2/cyclonedds_ws/src) by extension 'ros'
[0.237s] Level 1:colcon.colcon_core.package_identification:_identify(src/unitree_ros2/cyclonedds_ws/src) by extensions ['cmake', 'python']
[0.237s] Level 1:colcon.colcon_core.package_identification:_identify(src/unitree_ros2/cyclonedds_ws/src) by extension 'cmake'
[0.237s] Level 1:colcon.colcon_core.package_identification:_identify(src/unitree_ros2/cyclonedds_ws/src) by extension 'python'
[0.237s] Level 1:colcon.colcon_core.package_identification:_identify(src/unitree_ros2/cyclonedds_ws/src) by extensions ['python_setup_py']
[0.237s] Level 1:colcon.colcon_core.package_identification:_identify(src/unitree_ros2/cyclonedds_ws/src) by extension 'python_setup_py'
[0.237s] Level 1:colcon.colcon_core.package_identification:_identify(src/unitree_ros2/cyclonedds_ws/src/unitree) by extensions ['ignore', 'ignore_ament_install']
[0.237s] Level 1:colcon.colcon_core.package_identification:_identify(src/unitree_ros2/cyclonedds_ws/src/unitree) by extension 'ignore'
[0.237s] Level 1:colcon.colcon_core.package_identification:_identify(src/unitree_ros2/cyclonedds_ws/src/unitree) by extension 'ignore_ament_install'
[0.237s] Level 1:colcon.colcon_core.package_identification:_identify(src/unitree_ros2/cyclonedds_ws/src/unitree) by extensions ['colcon_pkg']
[0.237s] Level 1:colcon.colcon_core.package_identification:_identify(src/unitree_ros2/cyclonedds_ws/src/unitree) by extension 'colcon_pkg'
[0.237s] Level 1:colcon.colcon_core.package_identification:_identify(src/unitree_ros2/cyclonedds_ws/src/unitree) by extensions ['colcon_meta']
[0.237s] Level 1:colcon.colcon_core.package_identification:_identify(src/unitree_ros2/cyclonedds_ws/src/unitree) by extension 'colcon_meta'
[0.237s] Level 1:colcon.colcon_core.package_identification:_identify(src/unitree_ros2/cyclonedds_ws/src/unitree) by extensions ['ros']
[0.237s] Level 1:colcon.colcon_core.package_identification:_identify(src/unitree_ros2/cyclonedds_ws/src/unitree) by extension 'ros'
[0.237s] Level 1:colcon.colcon_core.package_identification:_identify(src/unitree_ros2/cyclonedds_ws/src/unitree) by extensions ['cmake', 'python']
[0.237s] Level 1:colcon.colcon_core.package_identification:_identify(src/unitree_ros2/cyclonedds_ws/src/unitree) by extension 'cmake'
[0.237s] Level 1:colcon.colcon_core.package_identification:_identify(src/unitree_ros2/cyclonedds_ws/src/unitree) by extension 'python'
[0.237s] Level 1:colcon.colcon_core.package_identification:_identify(src/unitree_ros2/cyclonedds_ws/src/unitree) by extensions ['python_setup_py']
[0.237s] Level 1:colcon.colcon_core.package_identification:_identify(src/unitree_ros2/cyclonedds_ws/src/unitree) by extension 'python_setup_py'
[0.237s] Level 1:colcon.colcon_core.package_identification:_identify(src/unitree_ros2/cyclonedds_ws/src/unitree/unitree_api) by extensions ['ignore', 'ignore_ament_install']
[0.237s] Level 1:colcon.colcon_core.package_identification:_identify(src/unitree_ros2/cyclonedds_ws/src/unitree/unitree_api) by extension 'ignore'
[0.237s] Level 1:colcon.colcon_core.package_identification:_identify(src/unitree_ros2/cyclonedds_ws/src/unitree/unitree_api) by extension 'ignore_ament_install'
[0.237s] Level 1:colcon.colcon_core.package_identification:_identify(src/unitree_ros2/cyclonedds_ws/src/unitree/unitree_api) by extensions ['colcon_pkg']
[0.237s] Level 1:colcon.colcon_core.package_identification:_identify(src/unitree_ros2/cyclonedds_ws/src/unitree/unitree_api) by extension 'colcon_pkg'
[0.237s] Level 1:colcon.colcon_core.package_identification:_identify(src/unitree_ros2/cyclonedds_ws/src/unitree/unitree_api) by extensions ['colcon_meta']
[0.237s] Level 1:colcon.colcon_core.package_identification:_identify(src/unitree_ros2/cyclonedds_ws/src/unitree/unitree_api) by extension 'colcon_meta'
[0.237s] Level 1:colcon.colcon_core.package_identification:_identify(src/unitree_ros2/cyclonedds_ws/src/unitree/unitree_api) by extensions ['ros']
[0.237s] Level 1:colcon.colcon_core.package_identification:_identify(src/unitree_ros2/cyclonedds_ws/src/unitree/unitree_api) by extension 'ros'
[0.238s] DEBUG:colcon.colcon_core.package_identification:Package 'src/unitree_ros2/cyclonedds_ws/src/unitree/unitree_api' with type 'ros.ament_cmake' and name 'unitree_api'
[0.238s] Level 1:colcon.colcon_core.package_identification:_identify(src/unitree_ros2/cyclonedds_ws/src/unitree/unitree_go) by extensions ['ignore', 'ignore_ament_install']
[0.238s] Level 1:colcon.colcon_core.package_identification:_identify(src/unitree_ros2/cyclonedds_ws/src/unitree/unitree_go) by extension 'ignore'
[0.238s] Level 1:colcon.colcon_core.package_identification:_identify(src/unitree_ros2/cyclonedds_ws/src/unitree/unitree_go) by extension 'ignore_ament_install'
[0.238s] Level 1:colcon.colcon_core.package_identification:_identify(src/unitree_ros2/cyclonedds_ws/src/unitree/unitree_go) by extensions ['colcon_pkg']
[0.238s] Level 1:colcon.colcon_core.package_identification:_identify(src/unitree_ros2/cyclonedds_ws/src/unitree/unitree_go) by extension 'colcon_pkg'
[0.238s] Level 1:colcon.colcon_core.package_identification:_identify(src/unitree_ros2/cyclonedds_ws/src/unitree/unitree_go) by extensions ['colcon_meta']
[0.238s] Level 1:colcon.colcon_core.package_identification:_identify(src/unitree_ros2/cyclonedds_ws/src/unitree/unitree_go) by extension 'colcon_meta'
[0.238s] Level 1:colcon.colcon_core.package_identification:_identify(src/unitree_ros2/cyclonedds_ws/src/unitree/unitree_go) by extensions ['ros']
[0.238s] Level 1:colcon.colcon_core.package_identification:_identify(src/unitree_ros2/cyclonedds_ws/src/unitree/unitree_go) by extension 'ros'
[0.238s] DEBUG:colcon.colcon_core.package_identification:Package 'src/unitree_ros2/cyclonedds_ws/src/unitree/unitree_go' with type 'ros.ament_cmake' and name 'unitree_go'
[0.238s] Level 1:colcon.colcon_core.package_identification:_identify(src/unitree_ros2/cyclonedds_ws/src/unitree/unitree_hg) by extensions ['ignore', 'ignore_ament_install']
[0.238s] Level 1:colcon.colcon_core.package_identification:_identify(src/unitree_ros2/cyclonedds_ws/src/unitree/unitree_hg) by extension 'ignore'
[0.238s] Level 1:colcon.colcon_core.package_identification:_identify(src/unitree_ros2/cyclonedds_ws/src/unitree/unitree_hg) by extension 'ignore_ament_install'
[0.238s] Level 1:colcon.colcon_core.package_identification:_identify(src/unitree_ros2/cyclonedds_ws/src/unitree/unitree_hg) by extensions ['colcon_pkg']
[0.238s] Level 1:colcon.colcon_core.package_identification:_identify(src/unitree_ros2/cyclonedds_ws/src/unitree/unitree_hg) by extension 'colcon_pkg'
[0.238s] Level 1:colcon.colcon_core.package_identification:_identify(src/unitree_ros2/cyclonedds_ws/src/unitree/unitree_hg) by extensions ['colcon_meta']
[0.238s] Level 1:colcon.colcon_core.package_identification:_identify(src/unitree_ros2/cyclonedds_ws/src/unitree/unitree_hg) by extension 'colcon_meta'
[0.238s] Level 1:colcon.colcon_core.package_identification:_identify(src/unitree_ros2/cyclonedds_ws/src/unitree/unitree_hg) by extensions ['ros']
[0.238s] Level 1:colcon.colcon_core.package_identification:_identify(src/unitree_ros2/cyclonedds_ws/src/unitree/unitree_hg) by extension 'ros'
[0.239s] DEBUG:colcon.colcon_core.package_identification:Package 'src/unitree_ros2/cyclonedds_ws/src/unitree/unitree_hg' with type 'ros.ament_cmake' and name 'unitree_hg'
[0.239s] Level 1:colcon.colcon_core.package_identification:_identify(src/unitree_ros2/docs) by extensions ['ignore', 'ignore_ament_install']
[0.239s] Level 1:colcon.colcon_core.package_identification:_identify(src/unitree_ros2/docs) by extension 'ignore'
[0.239s] Level 1:colcon.colcon_core.package_identification:_identify(src/unitree_ros2/docs) by extension 'ignore_ament_install'
[0.239s] Level 1:colcon.colcon_core.package_identification:_identify(src/unitree_ros2/docs) by extensions ['colcon_pkg']
[0.239s] Level 1:colcon.colcon_core.package_identification:_identify(src/unitree_ros2/docs) by extension 'colcon_pkg'
[0.239s] Level 1:colcon.colcon_core.package_identification:_identify(src/unitree_ros2/docs) by extensions ['colcon_meta']
[0.239s] Level 1:colcon.colcon_core.package_identification:_identify(src/unitree_ros2/docs) by extension 'colcon_meta'
[0.239s] Level 1:colcon.colcon_core.package_identification:_identify(src/unitree_ros2/docs) by extensions ['ros']
[0.239s] Level 1:colcon.colcon_core.package_identification:_identify(src/unitree_ros2/docs) by extension 'ros'
[0.239s] Level 1:colcon.colcon_core.package_identification:_identify(src/unitree_ros2/docs) by extensions ['cmake', 'python']
[0.239s] Level 1:colcon.colcon_core.package_identification:_identify(src/unitree_ros2/docs) by extension 'cmake'
[0.239s] Level 1:colcon.colcon_core.package_identification:_identify(src/unitree_ros2/docs) by extension 'python'
[0.239s] Level 1:colcon.colcon_core.package_identification:_identify(src/unitree_ros2/docs) by extensions ['python_setup_py']
[0.239s] Level 1:colcon.colcon_core.package_identification:_identify(src/unitree_ros2/docs) by extension 'python_setup_py'
[0.239s] Level 1:colcon.colcon_core.package_identification:_identify(src/unitree_ros2/docs/image) by extensions ['ignore', 'ignore_ament_install']
[0.239s] Level 1:colcon.colcon_core.package_identification:_identify(src/unitree_ros2/docs/image) by extension 'ignore'
[0.239s] Level 1:colcon.colcon_core.package_identification:_identify(src/unitree_ros2/docs/image) by extension 'ignore_ament_install'
[0.239s] Level 1:colcon.colcon_core.package_identification:_identify(src/unitree_ros2/docs/image) by extensions ['colcon_pkg']
[0.239s] Level 1:colcon.colcon_core.package_identification:_identify(src/unitree_ros2/docs/image) by extension 'colcon_pkg'
[0.239s] Level 1:colcon.colcon_core.package_identification:_identify(src/unitree_ros2/docs/image) by extensions ['colcon_meta']
[0.239s] Level 1:colcon.colcon_core.package_identification:_identify(src/unitree_ros2/docs/image) by extension 'colcon_meta'
[0.239s] Level 1:colcon.colcon_core.package_identification:_identify(src/unitree_ros2/docs/image) by extensions ['ros']
[0.239s] Level 1:colcon.colcon_core.package_identification:_identify(src/unitree_ros2/docs/image) by extension 'ros'
[0.239s] Level 1:colcon.colcon_core.package_identification:_identify(src/unitree_ros2/docs/image) by extensions ['cmake', 'python']
[0.239s] Level 1:colcon.colcon_core.package_identification:_identify(src/unitree_ros2/docs/image) by extension 'cmake'
[0.239s] Level 1:colcon.colcon_core.package_identification:_identify(src/unitree_ros2/docs/image) by extension 'python'
[0.239s] Level 1:colcon.colcon_core.package_identification:_identify(src/unitree_ros2/docs/image) by extensions ['python_setup_py']
[0.239s] Level 1:colcon.colcon_core.package_identification:_identify(src/unitree_ros2/docs/image) by extension 'python_setup_py'
[0.239s] Level 1:colcon.colcon_core.package_identification:_identify(src/unitree_ros2/example) by extensions ['ignore', 'ignore_ament_install']
[0.239s] Level 1:colcon.colcon_core.package_identification:_identify(src/unitree_ros2/example) by extension 'ignore'
[0.239s] Level 1:colcon.colcon_core.package_identification:_identify(src/unitree_ros2/example) by extension 'ignore_ament_install'
[0.239s] Level 1:colcon.colcon_core.package_identification:_identify(src/unitree_ros2/example) by extensions ['colcon_pkg']
[0.239s] Level 1:colcon.colcon_core.package_identification:_identify(src/unitree_ros2/example) by extension 'colcon_pkg'
[0.239s] Level 1:colcon.colcon_core.package_identification:_identify(src/unitree_ros2/example) by extensions ['colcon_meta']
[0.239s] Level 1:colcon.colcon_core.package_identification:_identify(src/unitree_ros2/example) by extension 'colcon_meta'
[0.239s] Level 1:colcon.colcon_core.package_identification:_identify(src/unitree_ros2/example) by extensions ['ros']
[0.239s] Level 1:colcon.colcon_core.package_identification:_identify(src/unitree_ros2/example) by extension 'ros'
[0.239s] Level 1:colcon.colcon_core.package_identification:_identify(src/unitree_ros2/example) by extensions ['cmake', 'python']
[0.239s] Level 1:colcon.colcon_core.package_identification:_identify(src/unitree_ros2/example) by extension 'cmake'
[0.239s] Level 1:colcon.colcon_core.package_identification:_identify(src/unitree_ros2/example) by extension 'python'
[0.239s] Level 1:colcon.colcon_core.package_identification:_identify(src/unitree_ros2/example) by extensions ['python_setup_py']
[0.239s] Level 1:colcon.colcon_core.package_identification:_identify(src/unitree_ros2/example) by extension 'python_setup_py'
[0.239s] Level 1:colcon.colcon_core.package_identification:_identify(src/unitree_ros2/example/src) by extensions ['ignore', 'ignore_ament_install']
[0.239s] Level 1:colcon.colcon_core.package_identification:_identify(src/unitree_ros2/example/src) by extension 'ignore'
[0.239s] Level 1:colcon.colcon_core.package_identification:_identify(src/unitree_ros2/example/src) by extension 'ignore_ament_install'
[0.239s] Level 1:colcon.colcon_core.package_identification:_identify(src/unitree_ros2/example/src) by extensions ['colcon_pkg']
[0.239s] Level 1:colcon.colcon_core.package_identification:_identify(src/unitree_ros2/example/src) by extension 'colcon_pkg'
[0.239s] Level 1:colcon.colcon_core.package_identification:_identify(src/unitree_ros2/example/src) by extensions ['colcon_meta']
[0.239s] Level 1:colcon.colcon_core.package_identification:_identify(src/unitree_ros2/example/src) by extension 'colcon_meta'
[0.239s] Level 1:colcon.colcon_core.package_identification:_identify(src/unitree_ros2/example/src) by extensions ['ros']
[0.239s] Level 1:colcon.colcon_core.package_identification:_identify(src/unitree_ros2/example/src) by extension 'ros'
[0.240s] DEBUG:colcon.colcon_core.package_identification:Package 'src/unitree_ros2/example/src' with type 'ros.ament_cmake' and name 'unitree_ros2_example'
[0.240s] Level 1:colcon.colcon_core.package_identification:_identify(src/unitree_sdk2) by extensions ['ignore', 'ignore_ament_install']
[0.240s] Level 1:colcon.colcon_core.package_identification:_identify(src/unitree_sdk2) by extension 'ignore'
[0.240s] Level 1:colcon.colcon_core.package_identification:_identify(src/unitree_sdk2) by extension 'ignore_ament_install'
[0.240s] Level 1:colcon.colcon_core.package_identification:_identify(src/unitree_sdk2) by extensions ['colcon_pkg']
[0.240s] Level 1:colcon.colcon_core.package_identification:_identify(src/unitree_sdk2) by extension 'colcon_pkg'
[0.240s] Level 1:colcon.colcon_core.package_identification:_identify(src/unitree_sdk2) by extensions ['colcon_meta']
[0.240s] Level 1:colcon.colcon_core.package_identification:_identify(src/unitree_sdk2) by extension 'colcon_meta'
[0.240s] Level 1:colcon.colcon_core.package_identification:_identify(src/unitree_sdk2) by extensions ['ros']
[0.240s] Level 1:colcon.colcon_core.package_identification:_identify(src/unitree_sdk2) by extension 'ros'
[0.240s] Level 1:colcon.colcon_core.package_identification:_identify(src/unitree_sdk2) by extensions ['cmake', 'python']
[0.240s] Level 1:colcon.colcon_core.package_identification:_identify(src/unitree_sdk2) by extension 'cmake'
[0.243s] Level 1:colcon.colcon_core.package_identification:_identify(src/unitree_sdk2) by extension 'python'
[0.243s] DEBUG:colcon.colcon_core.package_identification:Package 'src/unitree_sdk2' with type 'cmake' and name 'unitree_sdk2'
[0.243s] Level 1:colcon.colcon_core.package_discovery:discover_packages(recursive) using defaults
[0.243s] Level 1:colcon.colcon_core.package_discovery:discover_packages(ignore) discover
[0.243s] Level 1:colcon.colcon_core.package_discovery:discover_packages(ignore) using defaults
[0.243s] Level 1:colcon.colcon_core.package_discovery:discover_packages(path) discover
[0.243s] Level 1:colcon.colcon_core.package_discovery:discover_packages(path) using defaults
[0.260s] INFO:colcon.colcon_core.package_selection:Skipping package 'lidar_localization_ros2' in 'src/lidar_localization_ros2'
[0.260s] Level 1:colcon.colcon_core.package_discovery:discover_packages(prefix_path) check parameters
[0.260s] Level 1:colcon.colcon_core.package_discovery:discover_packages(prefix_path) discover
[0.261s] DEBUG:colcon.colcon_installed_package_information.package_discovery:Found 329 installed packages in /opt/ros/humble
[0.262s] Level 1:colcon.colcon_core.package_discovery:discover_packages(prefix_path) using defaults
[0.278s] Level 5:colcon.colcon_core.verb:set package 'livox_ros_driver2' build argument 'cmake_args' from command line to '['-DPython3_EXECUTABLE=/usr/bin/python3']'
[0.278s] Level 5:colcon.colcon_core.verb:set package 'livox_ros_driver2' build argument 'cmake_target' from command line to 'None'
[0.278s] Level 5:colcon.colcon_core.verb:set package 'livox_ros_driver2' build argument 'cmake_target_skip_unavailable' from command line to 'False'
[0.278s] Level 5:colcon.colcon_core.verb:set package 'livox_ros_driver2' build argument 'cmake_clean_cache' from command line to 'False'
[0.278s] Level 5:colcon.colcon_core.verb:set package 'livox_ros_driver2' build argument 'cmake_clean_first' from command line to 'False'
[0.278s] Level 5:colcon.colcon_core.verb:set package 'livox_ros_driver2' build argument 'cmake_force_configure' from command line to 'False'
[0.278s] Level 5:colcon.colcon_core.verb:set package 'livox_ros_driver2' build argument 'ament_cmake_args' from command line to 'None'
[0.278s] Level 5:colcon.colcon_core.verb:set package 'livox_ros_driver2' build argument 'catkin_cmake_args' from command line to 'None'
[0.278s] Level 5:colcon.colcon_core.verb:set package 'livox_ros_driver2' build argument 'catkin_skip_building_tests' from command line to 'False'
[0.278s] DEBUG:colcon.colcon_core.verb:Building package 'livox_ros_driver2' with the following arguments: {'ament_cmake_args': None, 'build_base': '/home/simonzhang/g1-mujoco-ros2-nav-sim-G1-MuJoCo-ROS2-/build/livox_ros_driver2', 'catkin_cmake_args': None, 'catkin_skip_building_tests': False, 'cmake_args': ['-DPython3_EXECUTABLE=/usr/bin/python3'], 'cmake_clean_cache': False, 'cmake_clean_first': False, 'cmake_force_configure': False, 'cmake_target': None, 'cmake_target_skip_unavailable': False, 'install_base': '/home/simonzhang/g1-mujoco-ros2-nav-sim-G1-MuJoCo-ROS2-/install/livox_ros_driver2', 'merge_install': False, 'path': '/home/simonzhang/g1-mujoco-ros2-nav-sim-G1-MuJoCo-ROS2-/src/livox_ros_driver2', 'symlink_install': False, 'test_result_base': None}
[0.278s] Level 5:colcon.colcon_core.verb:set package 'livox_sdk2' build argument 'cmake_args' from command line to '['-DPython3_EXECUTABLE=/usr/bin/python3']'
[0.278s] Level 5:colcon.colcon_core.verb:set package 'livox_sdk2' build argument 'cmake_target' from command line to 'None'
[0.278s] Level 5:colcon.colcon_core.verb:set package 'livox_sdk2' build argument 'cmake_target_skip_unavailable' from command line to 'False'
[0.278s] Level 5:colcon.colcon_core.verb:set package 'livox_sdk2' build argument 'cmake_clean_cache' from command line to 'False'
[0.278s] Level 5:colcon.colcon_core.verb:set package 'livox_sdk2' build argument 'cmake_clean_first' from command line to 'False'
[0.278s] Level 5:colcon.colcon_core.verb:set package 'livox_sdk2' build argument 'cmake_force_configure' from command line to 'False'
[0.278s] Level 5:colcon.colcon_core.verb:set package 'livox_sdk2' build argument 'ament_cmake_args' from command line to 'None'
[0.278s] Level 5:colcon.colcon_core.verb:set package 'livox_sdk2' build argument 'catkin_cmake_args' from command line to 'None'
[0.278s] Level 5:colcon.colcon_core.verb:set package 'livox_sdk2' build argument 'catkin_skip_building_tests' from command line to 'False'
[0.278s] DEBUG:colcon.colcon_core.verb:Building package 'livox_sdk2' with the following arguments: {'ament_cmake_args': None, 'build_base': '/home/simonzhang/g1-mujoco-ros2-nav-sim-G1-MuJoCo-ROS2-/build/livox_sdk2', 'catkin_cmake_args': None, 'catkin_skip_building_tests': False, 'cmake_args': ['-DPython3_EXECUTABLE=/usr/bin/python3'], 'cmake_clean_cache': False, 'cmake_clean_first': False, 'cmake_force_configure': False, 'cmake_target': None, 'cmake_target_skip_unavailable': False, 'install_base': '/home/simonzhang/g1-mujoco-ros2-nav-sim-G1-MuJoCo-ROS2-/install/livox_sdk2', 'merge_install': False, 'path': '/home/simonzhang/g1-mujoco-ros2-nav-sim-G1-MuJoCo-ROS2-/src/Livox-SDK2', 'symlink_install': False, 'test_result_base': None}
[0.278s] Level 5:colcon.colcon_core.verb:set package 'mujuco_sim' build argument 'cmake_args' from command line to '['-DPython3_EXECUTABLE=/usr/bin/python3']'
[0.278s] Level 5:colcon.colcon_core.verb:set package 'mujuco_sim' build argument 'cmake_target' from command line to 'None'
[0.278s] Level 5:colcon.colcon_core.verb:set package 'mujuco_sim' build argument 'cmake_target_skip_unavailable' from command line to 'False'
[0.278s] Level 5:colcon.colcon_core.verb:set package 'mujuco_sim' build argument 'cmake_clean_cache' from command line to 'False'
[0.278s] Level 5:colcon.colcon_core.verb:set package 'mujuco_sim' build argument 'cmake_clean_first' from command line to 'False'
[0.278s] Level 5:colcon.colcon_core.verb:set package 'mujuco_sim' build argument 'cmake_force_configure' from command line to 'False'
[0.278s] Level 5:colcon.colcon_core.verb:set package 'mujuco_sim' build argument 'ament_cmake_args' from command line to 'None'
[0.278s] Level 5:colcon.colcon_core.verb:set package 'mujuco_sim' build argument 'catkin_cmake_args' from command line to 'None'
[0.278s] Level 5:colcon.colcon_core.verb:set package 'mujuco_sim' build argument 'catkin_skip_building_tests' from command line to 'False'
[0.278s] DEBUG:colcon.colcon_core.verb:Building package 'mujuco_sim' with the following arguments: {'ament_cmake_args': None, 'build_base': '/home/simonzhang/g1-mujoco-ros2-nav-sim-G1-MuJoCo-ROS2-/build/mujuco_sim', 'catkin_cmake_args': None, 'catkin_skip_building_tests': False, 'cmake_args': ['-DPython3_EXECUTABLE=/usr/bin/python3'], 'cmake_clean_cache': False, 'cmake_clean_first': False, 'cmake_force_configure': False, 'cmake_target': None, 'cmake_target_skip_unavailable': False, 'install_base': '/home/simonzhang/g1-mujoco-ros2-nav-sim-G1-MuJoCo-ROS2-/install/mujuco_sim', 'merge_install': False, 'path': '/home/simonzhang/g1-mujoco-ros2-nav-sim-G1-MuJoCo-ROS2-/src/mujuco_sim', 'symlink_install': False, 'test_result_base': None}
[0.279s] Level 5:colcon.colcon_core.verb:set package 'unitree_api' build argument 'cmake_args' from command line to '['-DPython3_EXECUTABLE=/usr/bin/python3']'
[0.279s] Level 5:colcon.colcon_core.verb:set package 'unitree_api' build argument 'cmake_target' from command line to 'None'
[0.279s] Level 5:colcon.colcon_core.verb:set package 'unitree_api' build argument 'cmake_target_skip_unavailable' from command line to 'False'
[0.279s] Level 5:colcon.colcon_core.verb:set package 'unitree_api' build argument 'cmake_clean_cache' from command line to 'False'
[0.279s] Level 5:colcon.colcon_core.verb:set package 'unitree_api' build argument 'cmake_clean_first' from command line to 'False'
[0.279s] Level 5:colcon.colcon_core.verb:set package 'unitree_api' build argument 'cmake_force_configure' from command line to 'False'
[0.279s] Level 5:colcon.colcon_core.verb:set package 'unitree_api' build argument 'ament_cmake_args' from command line to 'None'
[0.279s] Level 5:colcon.colcon_core.verb:set package 'unitree_api' build argument 'catkin_cmake_args' from command line to 'None'
[0.279s] Level 5:colcon.colcon_core.verb:set package 'unitree_api' build argument 'catkin_skip_building_tests' from command line to 'False'
[0.279s] DEBUG:colcon.colcon_core.verb:Building package 'unitree_api' with the following arguments: {'ament_cmake_args': None, 'build_base': '/home/simonzhang/g1-mujoco-ros2-nav-sim-G1-MuJoCo-ROS2-/build/unitree_api', 'catkin_cmake_args': None, 'catkin_skip_building_tests': False, 'cmake_args': ['-DPython3_EXECUTABLE=/usr/bin/python3'], 'cmake_clean_cache': False, 'cmake_clean_first': False, 'cmake_force_configure': False, 'cmake_target': None, 'cmake_target_skip_unavailable': False, 'install_base': '/home/simonzhang/g1-mujoco-ros2-nav-sim-G1-MuJoCo-ROS2-/install/unitree_api', 'merge_install': False, 'path': '/home/simonzhang/g1-mujoco-ros2-nav-sim-G1-MuJoCo-ROS2-/src/unitree_ros2/cyclonedds_ws/src/unitree/unitree_api', 'symlink_install': False, 'test_result_base': None}
[0.279s] Level 5:colcon.colcon_core.verb:set package 'unitree_go' build argument 'cmake_args' from command line to '['-DPython3_EXECUTABLE=/usr/bin/python3']'
[0.279s] Level 5:colcon.colcon_core.verb:set package 'unitree_go' build argument 'cmake_target' from command line to 'None'
[0.279s] Level 5:colcon.colcon_core.verb:set package 'unitree_go' build argument 'cmake_target_skip_unavailable' from command line to 'False'
[0.279s] Level 5:colcon.colcon_core.verb:set package 'unitree_go' build argument 'cmake_clean_cache' from command line to 'False'
[0.279s] Level 5:colcon.colcon_core.verb:set package 'unitree_go' build argument 'cmake_clean_first' from command line to 'False'
[0.279s] Level 5:colcon.colcon_core.verb:set package 'unitree_go' build argument 'cmake_force_configure' from command line to 'False'
[0.279s] Level 5:colcon.colcon_core.verb:set package 'unitree_go' build argument 'ament_cmake_args' from command line to 'None'
[0.279s] Level 5:colcon.colcon_core.verb:set package 'unitree_go' build argument 'catkin_cmake_args' from command line to 'None'
[0.279s] Level 5:colcon.colcon_core.verb:set package 'unitree_go' build argument 'catkin_skip_building_tests' from command line to 'False'
[0.279s] DEBUG:colcon.colcon_core.verb:Building package 'unitree_go' with the following arguments: {'ament_cmake_args': None, 'build_base': '/home/simonzhang/g1-mujoco-ros2-nav-sim-G1-MuJoCo-ROS2-/build/unitree_go', 'catkin_cmake_args': None, 'catkin_skip_building_tests': False, 'cmake_args': ['-DPython3_EXECUTABLE=/usr/bin/python3'], 'cmake_clean_cache': False, 'cmake_clean_first': False, 'cmake_force_configure': False, 'cmake_target': None, 'cmake_target_skip_unavailable': False, 'install_base': '/home/simonzhang/g1-mujoco-ros2-nav-sim-G1-MuJoCo-ROS2-/install/unitree_go', 'merge_install': False, 'path': '/home/simonzhang/g1-mujoco-ros2-nav-sim-G1-MuJoCo-ROS2-/src/unitree_ros2/cyclonedds_ws/src/unitree/unitree_go', 'symlink_install': False, 'test_result_base': None}
[0.279s] Level 5:colcon.colcon_core.verb:set package 'unitree_hg' build argument 'cmake_args' from command line to '['-DPython3_EXECUTABLE=/usr/bin/python3']'
[0.279s] Level 5:colcon.colcon_core.verb:set package 'unitree_hg' build argument 'cmake_target' from command line to 'None'
[0.279s] Level 5:colcon.colcon_core.verb:set package 'unitree_hg' build argument 'cmake_target_skip_unavailable' from command line to 'False'
[0.279s] Level 5:colcon.colcon_core.verb:set package 'unitree_hg' build argument 'cmake_clean_cache' from command line to 'False'
[0.279s] Level 5:colcon.colcon_core.verb:set package 'unitree_hg' build argument 'cmake_clean_first' from command line to 'False'
[0.279s] Level 5:colcon.colcon_core.verb:set package 'unitree_hg' build argument 'cmake_force_configure' from command line to 'False'
[0.279s] Level 5:colcon.colcon_core.verb:set package 'unitree_hg' build argument 'ament_cmake_args' from command line to 'None'
[0.279s] Level 5:colcon.colcon_core.verb:set package 'unitree_hg' build argument 'catkin_cmake_args' from command line to 'None'
[0.279s] Level 5:colcon.colcon_core.verb:set package 'unitree_hg' build argument 'catkin_skip_building_tests' from command line to 'False'
[0.279s] DEBUG:colcon.colcon_core.verb:Building package 'unitree_hg' with the following arguments: {'ament_cmake_args': None, 'build_base': '/home/simonzhang/g1-mujoco-ros2-nav-sim-G1-MuJoCo-ROS2-/build/unitree_hg', 'catkin_cmake_args': None, 'catkin_skip_building_tests': False, 'cmake_args': ['-DPython3_EXECUTABLE=/usr/bin/python3'], 'cmake_clean_cache': False, 'cmake_clean_first': False, 'cmake_force_configure': False, 'cmake_target': None, 'cmake_target_skip_unavailable': False, 'install_base': '/home/simonzhang/g1-mujoco-ros2-nav-sim-G1-MuJoCo-ROS2-/install/unitree_hg', 'merge_install': False, 'path': '/home/simonzhang/g1-mujoco-ros2-nav-sim-G1-MuJoCo-ROS2-/src/unitree_ros2/cyclonedds_ws/src/unitree/unitree_hg', 'symlink_install': False, 'test_result_base': None}
[0.279s] Level 5:colcon.colcon_core.verb:set package 'unitree_rl_mjlab' build argument 'cmake_args' from command line to '['-DPython3_EXECUTABLE=/usr/bin/python3']'
[0.279s] Level 5:colcon.colcon_core.verb:set package 'unitree_rl_mjlab' build argument 'cmake_target' from command line to 'None'
[0.279s] Level 5:colcon.colcon_core.verb:set package 'unitree_rl_mjlab' build argument 'cmake_target_skip_unavailable' from command line to 'False'
[0.279s] Level 5:colcon.colcon_core.verb:set package 'unitree_rl_mjlab' build argument 'cmake_clean_cache' from command line to 'False'
[0.279s] Level 5:colcon.colcon_core.verb:set package 'unitree_rl_mjlab' build argument 'cmake_clean_first' from command line to 'False'
[0.279s] Level 5:colcon.colcon_core.verb:set package 'unitree_rl_mjlab' build argument 'cmake_force_configure' from command line to 'False'
[0.279s] Level 5:colcon.colcon_core.verb:set package 'unitree_rl_mjlab' build argument 'ament_cmake_args' from command line to 'None'
[0.279s] Level 5:colcon.colcon_core.verb:set package 'unitree_rl_mjlab' build argument 'catkin_cmake_args' from command line to 'None'
[0.279s] Level 5:colcon.colcon_core.verb:set package 'unitree_rl_mjlab' build argument 'catkin_skip_building_tests' from command line to 'False'
[0.279s] DEBUG:colcon.colcon_core.verb:Building package 'unitree_rl_mjlab' with the following arguments: {'ament_cmake_args': None, 'build_base': '/home/simonzhang/g1-mujoco-ros2-nav-sim-G1-MuJoCo-ROS2-/build/unitree_rl_mjlab', 'catkin_cmake_args': None, 'catkin_skip_building_tests': False, 'cmake_args': ['-DPython3_EXECUTABLE=/usr/bin/python3'], 'cmake_clean_cache': False, 'cmake_clean_first': False, 'cmake_force_configure': False, 'cmake_target': None, 'cmake_target_skip_unavailable': False, 'install_base': '/home/simonzhang/g1-mujoco-ros2-nav-sim-G1-MuJoCo-ROS2-/install/unitree_rl_mjlab', 'merge_install': False, 'path': '/home/simonzhang/g1-mujoco-ros2-nav-sim-G1-MuJoCo-ROS2-/src/unitree_rl_mjlab', 'symlink_install': False, 'test_result_base': None}
[0.279s] Level 5:colcon.colcon_core.verb:set package 'unitree_sdk2' build argument 'cmake_args' from command line to '['-DPython3_EXECUTABLE=/usr/bin/python3']'
[0.279s] Level 5:colcon.colcon_core.verb:set package 'unitree_sdk2' build argument 'cmake_target' from command line to 'None'
[0.279s] Level 5:colcon.colcon_core.verb:set package 'unitree_sdk2' build argument 'cmake_target_skip_unavailable' from command line to 'False'
[0.279s] Level 5:colcon.colcon_core.verb:set package 'unitree_sdk2' build argument 'cmake_clean_cache' from command line to 'False'
[0.279s] Level 5:colcon.colcon_core.verb:set package 'unitree_sdk2' build argument 'cmake_clean_first' from command line to 'False'
[0.279s] Level 5:colcon.colcon_core.verb:set package 'unitree_sdk2' build argument 'cmake_force_configure' from command line to 'False'
[0.279s] Level 5:colcon.colcon_core.verb:set package 'unitree_sdk2' build argument 'ament_cmake_args' from command line to 'None'
[0.279s] Level 5:colcon.colcon_core.verb:set package 'unitree_sdk2' build argument 'catkin_cmake_args' from command line to 'None'
[0.279s] Level 5:colcon.colcon_core.verb:set package 'unitree_sdk2' build argument 'catkin_skip_building_tests' from command line to 'False'
[0.279s] DEBUG:colcon.colcon_core.verb:Building package 'unitree_sdk2' with the following arguments: {'ament_cmake_args': None, 'build_base': '/home/simonzhang/g1-mujoco-ros2-nav-sim-G1-MuJoCo-ROS2-/build/unitree_sdk2', 'catkin_cmake_args': None, 'catkin_skip_building_tests': False, 'cmake_args': ['-DPython3_EXECUTABLE=/usr/bin/python3'], 'cmake_clean_cache': False, 'cmake_clean_first': False, 'cmake_force_configure': False, 'cmake_target': None, 'cmake_target_skip_unavailable': False, 'install_base': '/home/simonzhang/g1-mujoco-ros2-nav-sim-G1-MuJoCo-ROS2-/install/unitree_sdk2', 'merge_install': False, 'path': '/home/simonzhang/g1-mujoco-ros2-nav-sim-G1-MuJoCo-ROS2-/src/unitree_sdk2', 'symlink_install': False, 'test_result_base': None}
[0.280s] Level 5:colcon.colcon_core.verb:set package 'fast_lio' build argument 'cmake_args' from command line to '['-DPython3_EXECUTABLE=/usr/bin/python3']'
[0.280s] Level 5:colcon.colcon_core.verb:set package 'fast_lio' build argument 'cmake_target' from command line to 'None'
[0.280s] Level 5:colcon.colcon_core.verb:set package 'fast_lio' build argument 'cmake_target_skip_unavailable' from command line to 'False'
[0.280s] Level 5:colcon.colcon_core.verb:set package 'fast_lio' build argument 'cmake_clean_cache' from command line to 'False'
[0.280s] Level 5:colcon.colcon_core.verb:set package 'fast_lio' build argument 'cmake_clean_first' from command line to 'False'
[0.280s] Level 5:colcon.colcon_core.verb:set package 'fast_lio' build argument 'cmake_force_configure' from command line to 'False'
[0.280s] Level 5:colcon.colcon_core.verb:set package 'fast_lio' build argument 'ament_cmake_args' from command line to 'None'
[0.280s] Level 5:colcon.colcon_core.verb:set package 'fast_lio' build argument 'catkin_cmake_args' from command line to 'None'
[0.280s] Level 5:colcon.colcon_core.verb:set package 'fast_lio' build argument 'catkin_skip_building_tests' from command line to 'False'
[0.280s] DEBUG:colcon.colcon_core.verb:Building package 'fast_lio' with the following arguments: {'ament_cmake_args': None, 'build_base': '/home/simonzhang/g1-mujoco-ros2-nav-sim-G1-MuJoCo-ROS2-/build/fast_lio', 'catkin_cmake_args': None, 'catkin_skip_building_tests': False, 'cmake_args': ['-DPython3_EXECUTABLE=/usr/bin/python3'], 'cmake_clean_cache': False, 'cmake_clean_first': False, 'cmake_force_configure': False, 'cmake_target': None, 'cmake_target_skip_unavailable': False, 'install_base': '/home/simonzhang/g1-mujoco-ros2-nav-sim-G1-MuJoCo-ROS2-/install/fast_lio', 'merge_install': False, 'path': '/home/simonzhang/g1-mujoco-ros2-nav-sim-G1-MuJoCo-ROS2-/src/FAST_LIO_ROS2', 'symlink_install': False, 'test_result_base': None}
[0.280s] Level 5:colcon.colcon_core.verb:set package 'unitree_mujoco' build argument 'cmake_args' from command line to '['-DPython3_EXECUTABLE=/usr/bin/python3']'
[0.280s] Level 5:colcon.colcon_core.verb:set package 'unitree_mujoco' build argument 'cmake_target' from command line to 'None'
[0.280s] Level 5:colcon.colcon_core.verb:set package 'unitree_mujoco' build argument 'cmake_target_skip_unavailable' from command line to 'False'
[0.280s] Level 5:colcon.colcon_core.verb:set package 'unitree_mujoco' build argument 'cmake_clean_cache' from command line to 'False'
[0.280s] Level 5:colcon.colcon_core.verb:set package 'unitree_mujoco' build argument 'cmake_clean_first' from command line to 'False'
[0.280s] Level 5:colcon.colcon_core.verb:set package 'unitree_mujoco' build argument 'cmake_force_configure' from command line to 'False'
[0.280s] Level 5:colcon.colcon_core.verb:set package 'unitree_mujoco' build argument 'ament_cmake_args' from command line to 'None'
[0.280s] Level 5:colcon.colcon_core.verb:set package 'unitree_mujoco' build argument 'catkin_cmake_args' from command line to 'None'
[0.280s] Level 5:colcon.colcon_core.verb:set package 'unitree_mujoco' build argument 'catkin_skip_building_tests' from command line to 'False'
[0.280s] DEBUG:colcon.colcon_core.verb:Building package 'unitree_mujoco' with the following arguments: {'ament_cmake_args': None, 'build_base': '/home/simonzhang/g1-mujoco-ros2-nav-sim-G1-MuJoCo-ROS2-/build/unitree_mujoco', 'catkin_cmake_args': None, 'catkin_skip_building_tests': False, 'cmake_args': ['-DPython3_EXECUTABLE=/usr/bin/python3'], 'cmake_clean_cache': False, 'cmake_clean_first': False, 'cmake_force_configure': False, 'cmake_target': None, 'cmake_target_skip_unavailable': False, 'install_base': '/home/simonzhang/g1-mujoco-ros2-nav-sim-G1-MuJoCo-ROS2-/install/unitree_mujoco', 'merge_install': False, 'path': '/home/simonzhang/g1-mujoco-ros2-nav-sim-G1-MuJoCo-ROS2-/src/unitree_mujoco/simulate', 'symlink_install': False, 'test_result_base': None}
[0.280s] Level 5:colcon.colcon_core.verb:set package 'unitree_ros2_example' build argument 'cmake_args' from command line to '['-DPython3_EXECUTABLE=/usr/bin/python3']'
[0.280s] Level 5:colcon.colcon_core.verb:set package 'unitree_ros2_example' build argument 'cmake_target' from command line to 'None'
[0.280s] Level 5:colcon.colcon_core.verb:set package 'unitree_ros2_example' build argument 'cmake_target_skip_unavailable' from command line to 'False'
[0.280s] Level 5:colcon.colcon_core.verb:set package 'unitree_ros2_example' build argument 'cmake_clean_cache' from command line to 'False'
[0.280s] Level 5:colcon.colcon_core.verb:set package 'unitree_ros2_example' build argument 'cmake_clean_first' from command line to 'False'
[0.280s] Level 5:colcon.colcon_core.verb:set package 'unitree_ros2_example' build argument 'cmake_force_configure' from command line to 'False'
[0.280s] Level 5:colcon.colcon_core.verb:set package 'unitree_ros2_example' build argument 'ament_cmake_args' from command line to 'None'
[0.280s] Level 5:colcon.colcon_core.verb:set package 'unitree_ros2_example' build argument 'catkin_cmake_args' from command line to 'None'
[0.280s] Level 5:colcon.colcon_core.verb:set package 'unitree_ros2_example' build argument 'catkin_skip_building_tests' from command line to 'False'
[0.280s] DEBUG:colcon.colcon_core.verb:Building package 'unitree_ros2_example' with the following arguments: {'ament_cmake_args': None, 'build_base': '/home/simonzhang/g1-mujoco-ros2-nav-sim-G1-MuJoCo-ROS2-/build/unitree_ros2_example', 'catkin_cmake_args': None, 'catkin_skip_building_tests': False, 'cmake_args': ['-DPython3_EXECUTABLE=/usr/bin/python3'], 'cmake_clean_cache': False, 'cmake_clean_first': False, 'cmake_force_configure': False, 'cmake_target': None, 'cmake_target_skip_unavailable': False, 'install_base': '/home/simonzhang/g1-mujoco-ros2-nav-sim-G1-MuJoCo-ROS2-/install/unitree_ros2_example', 'merge_install': False, 'path': '/home/simonzhang/g1-mujoco-ros2-nav-sim-G1-MuJoCo-ROS2-/src/unitree_ros2/example/src', 'symlink_install': False, 'test_result_base': None}
[0.280s] INFO:colcon.colcon_core.executor:Executing jobs using 'parallel' executor
[0.281s] DEBUG:colcon.colcon_parallel_executor.executor.parallel:run_until_complete
[0.281s] INFO:colcon.colcon_ros.task.ament_cmake.build:Building ROS package in '/home/simonzhang/g1-mujoco-ros2-nav-sim-G1-MuJoCo-ROS2-/src/livox_ros_driver2' with build type 'ament_cmake'
[0.281s] INFO:colcon.colcon_cmake.task.cmake.build:Building CMake package in '/home/simonzhang/g1-mujoco-ros2-nav-sim-G1-MuJoCo-ROS2-/src/livox_ros_driver2'
[0.282s] INFO:colcon.colcon_core.plugin_system:Skipping extension 'colcon_core.shell.bat': Not used on non-Windows systems
[0.282s] INFO:colcon.colcon_core.shell:Skip shell extension 'powershell' for command environment: Not usable outside of PowerShell
[0.282s] DEBUG:colcon.colcon_core.shell:Skip shell extension 'dsv' for command environment
[0.284s] INFO:colcon.colcon_ros.task.ament_cmake.build:Building ROS package in '/home/simonzhang/g1-mujoco-ros2-nav-sim-G1-MuJoCo-ROS2-/src/unitree_ros2/cyclonedds_ws/src/unitree/unitree_api' with build type 'ament_cmake'
[0.284s] INFO:colcon.colcon_cmake.task.cmake.build:Building CMake package in '/home/simonzhang/g1-mujoco-ros2-nav-sim-G1-MuJoCo-ROS2-/src/unitree_ros2/cyclonedds_ws/src/unitree/unitree_api'
[0.284s] INFO:colcon.colcon_core.shell:Skip shell extension 'powershell' for command environment: Not usable outside of PowerShell
[0.284s] DEBUG:colcon.colcon_core.shell:Skip shell extension 'dsv' for command environment
[0.286s] INFO:colcon.colcon_ros.task.ament_cmake.build:Building ROS package in '/home/simonzhang/g1-mujoco-ros2-nav-sim-G1-MuJoCo-ROS2-/src/unitree_ros2/cyclonedds_ws/src/unitree/unitree_go' with build type 'ament_cmake'
[0.286s] INFO:colcon.colcon_cmake.task.cmake.build:Building CMake package in '/home/simonzhang/g1-mujoco-ros2-nav-sim-G1-MuJoCo-ROS2-/src/unitree_ros2/cyclonedds_ws/src/unitree/unitree_go'
[0.286s] INFO:colcon.colcon_core.shell:Skip shell extension 'powershell' for command environment: Not usable outside of PowerShell
[0.286s] DEBUG:colcon.colcon_core.shell:Skip shell extension 'dsv' for command environment
[0.288s] INFO:colcon.colcon_ros.task.ament_cmake.build:Building ROS package in '/home/simonzhang/g1-mujoco-ros2-nav-sim-G1-MuJoCo-ROS2-/src/unitree_ros2/cyclonedds_ws/src/unitree/unitree_hg' with build type 'ament_cmake'
[0.288s] INFO:colcon.colcon_cmake.task.cmake.build:Building CMake package in '/home/simonzhang/g1-mujoco-ros2-nav-sim-G1-MuJoCo-ROS2-/src/unitree_ros2/cyclonedds_ws/src/unitree/unitree_hg'
[0.288s] INFO:colcon.colcon_core.shell:Skip shell extension 'powershell' for command environment: Not usable outside of PowerShell
[0.288s] DEBUG:colcon.colcon_core.shell:Skip shell extension 'dsv' for command environment
[0.290s] INFO:colcon.colcon_cmake.task.cmake.build:Building CMake package in '/home/simonzhang/g1-mujoco-ros2-nav-sim-G1-MuJoCo-ROS2-/src/unitree_sdk2'
[0.290s] INFO:colcon.colcon_core.shell:Skip shell extension 'powershell' for command environment: Not usable outside of PowerShell
[0.290s] DEBUG:colcon.colcon_core.shell:Skip shell extension 'dsv' for command environment
[0.291s] INFO:colcon.colcon_cmake.task.cmake.build:Building CMake package in '/home/simonzhang/g1-mujoco-ros2-nav-sim-G1-MuJoCo-ROS2-/src/Livox-SDK2'
[0.292s] INFO:colcon.colcon_core.shell:Skip shell extension 'powershell' for command environment: Not usable outside of PowerShell
[0.292s] DEBUG:colcon.colcon_core.shell:Skip shell extension 'dsv' for command environment
[0.293s] INFO:colcon.colcon_ros.task.ament_python.build:Building ROS package in '/home/simonzhang/g1-mujoco-ros2-nav-sim-G1-MuJoCo-ROS2-/src/mujuco_sim' with build type 'ament_python'
[0.293s] Level 1:colcon.colcon_core.shell:create_environment_hook('mujuco_sim', 'ament_prefix_path')
[0.293s] INFO:colcon.colcon_core.shell:Creating environment hook '/home/simonzhang/g1-mujoco-ros2-nav-sim-G1-MuJoCo-ROS2-/install/mujuco_sim/share/mujuco_sim/hook/ament_prefix_path.ps1'
[0.294s] INFO:colcon.colcon_core.shell:Creating environment descriptor '/home/simonzhang/g1-mujoco-ros2-nav-sim-G1-MuJoCo-ROS2-/install/mujuco_sim/share/mujuco_sim/hook/ament_prefix_path.dsv'
[0.294s] INFO:colcon.colcon_core.shell:Creating environment hook '/home/simonzhang/g1-mujoco-ros2-nav-sim-G1-MuJoCo-ROS2-/install/mujuco_sim/share/mujuco_sim/hook/ament_prefix_path.sh'
[0.294s] INFO:colcon.colcon_core.shell:Skip shell extension 'powershell' for command environment: Not usable outside of PowerShell
[0.294s] DEBUG:colcon.colcon_core.shell:Skip shell extension 'dsv' for command environment
[0.295s] INFO:colcon.colcon_core.task.python.build:Building Python package in '/home/simonzhang/g1-mujoco-ros2-nav-sim-G1-MuJoCo-ROS2-/src/unitree_rl_mjlab'
[0.295s] INFO:colcon.colcon_core.shell:Skip shell extension 'powershell' for command environment: Not usable outside of PowerShell
[0.295s] DEBUG:colcon.colcon_core.shell:Skip shell extension 'dsv' for command environment
[0.300s] DEBUG:colcon.colcon_core.event_handler.log_command:Invoking command in '/home/simonzhang/g1-mujoco-ros2-nav-sim-G1-MuJoCo-ROS2-/build/livox_ros_driver2': CMAKE_PREFIX_PATH=/opt/ros/humble /usr/bin/cmake /home/simonzhang/g1-mujoco-ros2-nav-sim-G1-MuJoCo-ROS2-/src/livox_ros_driver2 -DPython3_EXECUTABLE=/usr/bin/python3 -DCMAKE_INSTALL_PREFIX=/home/simonzhang/g1-mujoco-ros2-nav-sim-G1-MuJoCo-ROS2-/install/livox_ros_driver2
[0.303s] DEBUG:colcon.colcon_core.event_handler.log_command:Invoking command in '/home/simonzhang/g1-mujoco-ros2-nav-sim-G1-MuJoCo-ROS2-/build/unitree_api': CMAKE_PREFIX_PATH=/opt/ros/humble /usr/bin/cmake --build /home/simonzhang/g1-mujoco-ros2-nav-sim-G1-MuJoCo-ROS2-/build/unitree_api -- -j24 -l24
[0.305s] DEBUG:colcon.colcon_core.event_handler.log_command:Invoking command in '/home/simonzhang/g1-mujoco-ros2-nav-sim-G1-MuJoCo-ROS2-/build/unitree_go': CMAKE_PREFIX_PATH=/opt/ros/humble /usr/bin/cmake --build /home/simonzhang/g1-mujoco-ros2-nav-sim-G1-MuJoCo-ROS2-/build/unitree_go -- -j24 -l24
[0.306s] DEBUG:colcon.colcon_core.event_handler.log_command:Invoking command in '/home/simonzhang/g1-mujoco-ros2-nav-sim-G1-MuJoCo-ROS2-/build/unitree_hg': CMAKE_PREFIX_PATH=/opt/ros/humble /usr/bin/cmake --build /home/simonzhang/g1-mujoco-ros2-nav-sim-G1-MuJoCo-ROS2-/build/unitree_hg -- -j24 -l24
[0.307s] DEBUG:colcon.colcon_core.event_handler.log_command:Invoking command in '/home/simonzhang/g1-mujoco-ros2-nav-sim-G1-MuJoCo-ROS2-/build/unitree_sdk2': /usr/bin/cmake /home/simonzhang/g1-mujoco-ros2-nav-sim-G1-MuJoCo-ROS2-/src/unitree_sdk2 -DPython3_EXECUTABLE=/usr/bin/python3 -DCMAKE_INSTALL_PREFIX=/home/simonzhang/g1-mujoco-ros2-nav-sim-G1-MuJoCo-ROS2-/install/unitree_sdk2
[0.309s] DEBUG:colcon.colcon_core.event_handler.log_command:Invoking command in '/home/simonzhang/g1-mujoco-ros2-nav-sim-G1-MuJoCo-ROS2-/build/livox_sdk2': /usr/bin/cmake --build /home/simonzhang/g1-mujoco-ros2-nav-sim-G1-MuJoCo-ROS2-/build/livox_sdk2 -- -j24 -l24
[0.443s] INFO:colcon.colcon_core.task.python.build:Building Python package in '/home/simonzhang/g1-mujoco-ros2-nav-sim-G1-MuJoCo-ROS2-/src/mujuco_sim'
[0.444s] INFO:colcon.colcon_core.shell:Skip shell extension 'powershell' for command environment: Not usable outside of PowerShell
[0.444s] DEBUG:colcon.colcon_core.shell:Skip shell extension 'dsv' for command environment
[0.452s] DEBUG:colcon.colcon_core.event_handler.log_command:Invoked command in '/home/simonzhang/g1-mujoco-ros2-nav-sim-G1-MuJoCo-ROS2-/build/livox_sdk2' returned '0': /usr/bin/cmake --build /home/simonzhang/g1-mujoco-ros2-nav-sim-G1-MuJoCo-ROS2-/build/livox_sdk2 -- -j24 -l24
[0.458s] DEBUG:colcon.colcon_core.event_handler.log_command:Invoking command in '/home/simonzhang/g1-mujoco-ros2-nav-sim-G1-MuJoCo-ROS2-/build/livox_sdk2': /usr/bin/cmake --install /home/simonzhang/g1-mujoco-ros2-nav-sim-G1-MuJoCo-ROS2-/build/livox_sdk2
[0.564s] Level 1:colcon.colcon_core.environment:create_environment_scripts_only(livox_sdk2)
[0.570s] DEBUG:colcon.colcon_core.event_handler.log_command:Invoked command in '/home/simonzhang/g1-mujoco-ros2-nav-sim-G1-MuJoCo-ROS2-/build/livox_sdk2' returned '0': /usr/bin/cmake --install /home/simonzhang/g1-mujoco-ros2-nav-sim-G1-MuJoCo-ROS2-/build/livox_sdk2
[0.571s] Level 1:colcon.colcon_core.environment:checking '/home/simonzhang/g1-mujoco-ros2-nav-sim-G1-MuJoCo-ROS2-/install/livox_sdk2' for CMake module files
[0.571s] Level 1:colcon.colcon_core.environment:checking '/home/simonzhang/g1-mujoco-ros2-nav-sim-G1-MuJoCo-ROS2-/install/livox_sdk2' for CMake config files
[0.571s] Level 1:colcon.colcon_core.environment:checking '/home/simonzhang/g1-mujoco-ros2-nav-sim-G1-MuJoCo-ROS2-/install/livox_sdk2/lib'
[0.571s] Level 1:colcon.colcon_core.shell:create_environment_hook('livox_sdk2', 'ld_library_path_lib')
[0.571s] INFO:colcon.colcon_core.shell:Creating environment hook '/home/simonzhang/g1-mujoco-ros2-nav-sim-G1-MuJoCo-ROS2-/install/livox_sdk2/share/livox_sdk2/hook/ld_library_path_lib.ps1'
[0.571s] INFO:colcon.colcon_core.shell:Creating environment descriptor '/home/simonzhang/g1-mujoco-ros2-nav-sim-G1-MuJoCo-ROS2-/install/livox_sdk2/share/livox_sdk2/hook/ld_library_path_lib.dsv'
[0.571s] INFO:colcon.colcon_core.shell:Creating environment hook '/home/simonzhang/g1-mujoco-ros2-nav-sim-G1-MuJoCo-ROS2-/install/livox_sdk2/share/livox_sdk2/hook/ld_library_path_lib.sh'
[0.572s] Level 1:colcon.colcon_core.environment:checking '/home/simonzhang/g1-mujoco-ros2-nav-sim-G1-MuJoCo-ROS2-/install/livox_sdk2/bin'
[0.572s] Level 1:colcon.colcon_core.environment:checking '/home/simonzhang/g1-mujoco-ros2-nav-sim-G1-MuJoCo-ROS2-/install/livox_sdk2/lib/pkgconfig/livox_sdk2.pc'
[0.572s] Level 1:colcon.colcon_core.environment:checking '/home/simonzhang/g1-mujoco-ros2-nav-sim-G1-MuJoCo-ROS2-/install/livox_sdk2/lib/python3.10/site-packages'
[0.572s] Level 1:colcon.colcon_core.environment:checking '/home/simonzhang/g1-mujoco-ros2-nav-sim-G1-MuJoCo-ROS2-/install/livox_sdk2/bin'
[0.572s] INFO:colcon.colcon_core.shell:Creating package script '/home/simonzhang/g1-mujoco-ros2-nav-sim-G1-MuJoCo-ROS2-/install/livox_sdk2/share/livox_sdk2/package.ps1'
[0.572s] INFO:colcon.colcon_core.shell:Creating package descriptor '/home/simonzhang/g1-mujoco-ros2-nav-sim-G1-MuJoCo-ROS2-/install/livox_sdk2/share/livox_sdk2/package.dsv'
[0.573s] INFO:colcon.colcon_core.shell:Creating package script '/home/simonzhang/g1-mujoco-ros2-nav-sim-G1-MuJoCo-ROS2-/install/livox_sdk2/share/livox_sdk2/package.sh'
[0.573s] INFO:colcon.colcon_core.shell:Creating package script '/home/simonzhang/g1-mujoco-ros2-nav-sim-G1-MuJoCo-ROS2-/install/livox_sdk2/share/livox_sdk2/package.bash'
[0.573s] INFO:colcon.colcon_core.shell:Creating package script '/home/simonzhang/g1-mujoco-ros2-nav-sim-G1-MuJoCo-ROS2-/install/livox_sdk2/share/livox_sdk2/package.zsh'
[0.573s] Level 1:colcon.colcon_core.environment:create_file_with_runtime_dependencies(/home/simonzhang/g1-mujoco-ros2-nav-sim-G1-MuJoCo-ROS2-/install/livox_sdk2/share/colcon-core/packages/livox_sdk2)
[0.574s] DEBUG:colcon.colcon_core.event_handler.log_command:Invoked command in '/home/simonzhang/g1-mujoco-ros2-nav-sim-G1-MuJoCo-ROS2-/build/unitree_api' returned '0': CMAKE_PREFIX_PATH=/opt/ros/humble /usr/bin/cmake --build /home/simonzhang/g1-mujoco-ros2-nav-sim-G1-MuJoCo-ROS2-/build/unitree_api -- -j24 -l24
[0.575s] DEBUG:colcon.colcon_core.event_handler.log_command:Invoking command in '/home/simonzhang/g1-mujoco-ros2-nav-sim-G1-MuJoCo-ROS2-/build/unitree_api': CMAKE_PREFIX_PATH=/opt/ros/humble /usr/bin/cmake --install /home/simonzhang/g1-mujoco-ros2-nav-sim-G1-MuJoCo-ROS2-/build/unitree_api
[0.575s] DEBUG:colcon.colcon_core.event_handler.log_command:Invoked command in '/home/simonzhang/g1-mujoco-ros2-nav-sim-G1-MuJoCo-ROS2-/build/unitree_sdk2' returned '0': /usr/bin/cmake /home/simonzhang/g1-mujoco-ros2-nav-sim-G1-MuJoCo-ROS2-/src/unitree_sdk2 -DPython3_EXECUTABLE=/usr/bin/python3 -DCMAKE_INSTALL_PREFIX=/home/simonzhang/g1-mujoco-ros2-nav-sim-G1-MuJoCo-ROS2-/install/unitree_sdk2
[0.579s] DEBUG:colcon.colcon_core.event_handler.log_command:Invoking command in '/home/simonzhang/g1-mujoco-ros2-nav-sim-G1-MuJoCo-ROS2-/build/unitree_sdk2': /usr/bin/cmake --build /home/simonzhang/g1-mujoco-ros2-nav-sim-G1-MuJoCo-ROS2-/build/unitree_sdk2 -- -j24 -l24
[0.579s] DEBUG:colcon.colcon_core.event_handler.log_command:Invoked command in '/home/simonzhang/g1-mujoco-ros2-nav-sim-G1-MuJoCo-ROS2-/build/unitree_hg' returned '0': CMAKE_PREFIX_PATH=/opt/ros/humble /usr/bin/cmake --build /home/simonzhang/g1-mujoco-ros2-nav-sim-G1-MuJoCo-ROS2-/build/unitree_hg -- -j24 -l24
[0.580s] DEBUG:colcon.colcon_core.event_handler.log_command:Invoking command in '/home/simonzhang/g1-mujoco-ros2-nav-sim-G1-MuJoCo-ROS2-/build/unitree_hg': CMAKE_PREFIX_PATH=/opt/ros/humble /usr/bin/cmake --install /home/simonzhang/g1-mujoco-ros2-nav-sim-G1-MuJoCo-ROS2-/build/unitree_hg
[0.581s] DEBUG:colcon.colcon_core.event_handler.log_command:Invoked command in '/home/simonzhang/g1-mujoco-ros2-nav-sim-G1-MuJoCo-ROS2-/build/unitree_go' returned '0': CMAKE_PREFIX_PATH=/opt/ros/humble /usr/bin/cmake --build /home/simonzhang/g1-mujoco-ros2-nav-sim-G1-MuJoCo-ROS2-/build/unitree_go -- -j24 -l24
[0.581s] DEBUG:colcon.colcon_core.event_handler.log_command:Invoking command in '/home/simonzhang/g1-mujoco-ros2-nav-sim-G1-MuJoCo-ROS2-/build/unitree_go': CMAKE_PREFIX_PATH=/opt/ros/humble /usr/bin/cmake --install /home/simonzhang/g1-mujoco-ros2-nav-sim-G1-MuJoCo-ROS2-/build/unitree_go
[0.614s] Level 1:colcon.colcon_core.environment:create_environment_scripts_only(unitree_api)
[0.616s] Level 1:colcon.colcon_core.environment:checking '/home/simonzhang/g1-mujoco-ros2-nav-sim-G1-MuJoCo-ROS2-/install/unitree_api' for CMake module files
[0.621s] Level 1:colcon.colcon_core.environment:checking '/home/simonzhang/g1-mujoco-ros2-nav-sim-G1-MuJoCo-ROS2-/install/unitree_api' for CMake config files
[0.625s] DEBUG:colcon.colcon_core.event_handler.log_command:Invoked command in '/home/simonzhang/g1-mujoco-ros2-nav-sim-G1-MuJoCo-ROS2-/build/unitree_sdk2' returned '0': /usr/bin/cmake --build /home/simonzhang/g1-mujoco-ros2-nav-sim-G1-MuJoCo-ROS2-/build/unitree_sdk2 -- -j24 -l24
[0.626s] DEBUG:colcon.colcon_core.event_handler.log_command:Invoking command in '/home/simonzhang/g1-mujoco-ros2-nav-sim-G1-MuJoCo-ROS2-/build/unitree_sdk2': /usr/bin/cmake --install /home/simonzhang/g1-mujoco-ros2-nav-sim-G1-MuJoCo-ROS2-/build/unitree_sdk2
[0.629s] Level 1:colcon.colcon_core.shell:create_environment_hook('unitree_api', 'cmake_prefix_path')
[0.630s] INFO:colcon.colcon_core.shell:Creating environment hook '/home/simonzhang/g1-mujoco-ros2-nav-sim-G1-MuJoCo-ROS2-/install/unitree_api/share/unitree_api/hook/cmake_prefix_path.ps1'
[0.631s] INFO:colcon.colcon_core.shell:Creating environment descriptor '/home/simonzhang/g1-mujoco-ros2-nav-sim-G1-MuJoCo-ROS2-/install/unitree_api/share/unitree_api/hook/cmake_prefix_path.dsv'
[0.635s] INFO:colcon.colcon_core.shell:Creating environment hook '/home/simonzhang/g1-mujoco-ros2-nav-sim-G1-MuJoCo-ROS2-/install/unitree_api/share/unitree_api/hook/cmake_prefix_path.sh'
[0.637s] Level 1:colcon.colcon_core.environment:checking '/home/simonzhang/g1-mujoco-ros2-nav-sim-G1-MuJoCo-ROS2-/install/unitree_api/lib'
[0.637s] Level 1:colcon.colcon_core.shell:create_environment_hook('unitree_api', 'ld_library_path_lib')
[0.637s] INFO:colcon.colcon_core.shell:Creating environment hook '/home/simonzhang/g1-mujoco-ros2-nav-sim-G1-MuJoCo-ROS2-/install/unitree_api/share/unitree_api/hook/ld_library_path_lib.ps1'
[0.638s] INFO:colcon.colcon_core.shell:Creating environment descriptor '/home/simonzhang/g1-mujoco-ros2-nav-sim-G1-MuJoCo-ROS2-/install/unitree_api/share/unitree_api/hook/ld_library_path_lib.dsv'
[0.639s] INFO:colcon.colcon_core.shell:Creating environment hook '/home/simonzhang/g1-mujoco-ros2-nav-sim-G1-MuJoCo-ROS2-/install/unitree_api/share/unitree_api/hook/ld_library_path_lib.sh'
[0.642s] Level 1:colcon.colcon_core.environment:checking '/home/simonzhang/g1-mujoco-ros2-nav-sim-G1-MuJoCo-ROS2-/install/unitree_api/bin'
[0.642s] Level 1:colcon.colcon_core.environment:checking '/home/simonzhang/g1-mujoco-ros2-nav-sim-G1-MuJoCo-ROS2-/install/unitree_api/lib/pkgconfig/unitree_api.pc'
[0.642s] Level 1:colcon.colcon_core.environment:checking '/home/simonzhang/g1-mujoco-ros2-nav-sim-G1-MuJoCo-ROS2-/install/unitree_api/lib/python3.10/site-packages'
[0.642s] Level 1:colcon.colcon_core.environment:checking '/home/simonzhang/g1-mujoco-ros2-nav-sim-G1-MuJoCo-ROS2-/install/unitree_api/bin'
[0.642s] INFO:colcon.colcon_core.shell:Creating package script '/home/simonzhang/g1-mujoco-ros2-nav-sim-G1-MuJoCo-ROS2-/install/unitree_api/share/unitree_api/package.ps1'
[0.643s] INFO:colcon.colcon_core.shell:Creating package descriptor '/home/simonzhang/g1-mujoco-ros2-nav-sim-G1-MuJoCo-ROS2-/install/unitree_api/share/unitree_api/package.dsv'
[0.643s] INFO:colcon.colcon_core.shell:Creating package script '/home/simonzhang/g1-mujoco-ros2-nav-sim-G1-MuJoCo-ROS2-/install/unitree_api/share/unitree_api/package.sh'
[0.644s] INFO:colcon.colcon_core.shell:Creating package script '/home/simonzhang/g1-mujoco-ros2-nav-sim-G1-MuJoCo-ROS2-/install/unitree_api/share/unitree_api/package.bash'
[0.644s] INFO:colcon.colcon_core.shell:Creating package script '/home/simonzhang/g1-mujoco-ros2-nav-sim-G1-MuJoCo-ROS2-/install/unitree_api/share/unitree_api/package.zsh'
[0.645s] Level 1:colcon.colcon_core.environment:create_file_with_runtime_dependencies(/home/simonzhang/g1-mujoco-ros2-nav-sim-G1-MuJoCo-ROS2-/install/unitree_api/share/colcon-core/packages/unitree_api)
[0.646s] Level 1:colcon.colcon_core.environment:create_environment_scripts_only(unitree_api)
[0.646s] Level 1:colcon.colcon_core.environment:checking '/home/simonzhang/g1-mujoco-ros2-nav-sim-G1-MuJoCo-ROS2-/install/unitree_api' for CMake module files
[0.646s] Level 1:colcon.colcon_core.environment:checking '/home/simonzhang/g1-mujoco-ros2-nav-sim-G1-MuJoCo-ROS2-/install/unitree_api' for CMake config files
[0.647s] Level 1:colcon.colcon_core.shell:create_environment_hook('unitree_api', 'cmake_prefix_path')
[0.647s] INFO:colcon.colcon_core.shell:Creating environment hook '/home/simonzhang/g1-mujoco-ros2-nav-sim-G1-MuJoCo-ROS2-/install/unitree_api/share/unitree_api/hook/cmake_prefix_path.ps1'
[0.647s] INFO:colcon.colcon_core.shell:Creating environment descriptor '/home/simonzhang/g1-mujoco-ros2-nav-sim-G1-MuJoCo-ROS2-/install/unitree_api/share/unitree_api/hook/cmake_prefix_path.dsv'
[0.647s] INFO:colcon.colcon_core.shell:Creating environment hook '/home/simonzhang/g1-mujoco-ros2-nav-sim-G1-MuJoCo-ROS2-/install/unitree_api/share/unitree_api/hook/cmake_prefix_path.sh'
[0.648s] Level 1:colcon.colcon_core.environment:checking '/home/simonzhang/g1-mujoco-ros2-nav-sim-G1-MuJoCo-ROS2-/install/unitree_api/lib'
[0.648s] Level 1:colcon.colcon_core.shell:create_environment_hook('unitree_api', 'ld_library_path_lib')
[0.648s] INFO:colcon.colcon_core.shell:Creating environment hook '/home/simonzhang/g1-mujoco-ros2-nav-sim-G1-MuJoCo-ROS2-/install/unitree_api/share/unitree_api/hook/ld_library_path_lib.ps1'
[0.649s] INFO:colcon.colcon_core.shell:Creating environment descriptor '/home/simonzhang/g1-mujoco-ros2-nav-sim-G1-MuJoCo-ROS2-/install/unitree_api/share/unitree_api/hook/ld_library_path_lib.dsv'
[0.649s] INFO:colcon.colcon_core.shell:Creating environment hook '/home/simonzhang/g1-mujoco-ros2-nav-sim-G1-MuJoCo-ROS2-/install/unitree_api/share/unitree_api/hook/ld_library_path_lib.sh'
[0.649s] Level 1:colcon.colcon_core.environment:checking '/home/simonzhang/g1-mujoco-ros2-nav-sim-G1-MuJoCo-ROS2-/install/unitree_api/bin'
[0.649s] Level 1:colcon.colcon_core.environment:checking '/home/simonzhang/g1-mujoco-ros2-nav-sim-G1-MuJoCo-ROS2-/install/unitree_api/lib/pkgconfig/unitree_api.pc'
[0.649s] Level 1:colcon.colcon_core.environment:checking '/home/simonzhang/g1-mujoco-ros2-nav-sim-G1-MuJoCo-ROS2-/install/unitree_api/lib/python3.10/site-packages'
[0.649s] Level 1:colcon.colcon_core.environment:checking '/home/simonzhang/g1-mujoco-ros2-nav-sim-G1-MuJoCo-ROS2-/install/unitree_api/bin'
[0.649s] INFO:colcon.colcon_core.shell:Creating package script '/home/simonzhang/g1-mujoco-ros2-nav-sim-G1-MuJoCo-ROS2-/install/unitree_api/share/unitree_api/package.ps1'
[0.650s] DEBUG:colcon.colcon_core.event_handler.log_command:Invoked command in '/home/simonzhang/g1-mujoco-ros2-nav-sim-G1-MuJoCo-ROS2-/build/unitree_api' returned '0': CMAKE_PREFIX_PATH=/opt/ros/humble /usr/bin/cmake --install /home/simonzhang/g1-mujoco-ros2-nav-sim-G1-MuJoCo-ROS2-/build/unitree_api
[0.650s] INFO:colcon.colcon_core.shell:Creating package descriptor '/home/simonzhang/g1-mujoco-ros2-nav-sim-G1-MuJoCo-ROS2-/install/unitree_api/share/unitree_api/package.dsv'
[0.651s] INFO:colcon.colcon_core.shell:Creating package script '/home/simonzhang/g1-mujoco-ros2-nav-sim-G1-MuJoCo-ROS2-/install/unitree_api/share/unitree_api/package.sh'
[0.652s] INFO:colcon.colcon_core.shell:Creating package script '/home/simonzhang/g1-mujoco-ros2-nav-sim-G1-MuJoCo-ROS2-/install/unitree_api/share/unitree_api/package.bash'
[0.652s] INFO:colcon.colcon_core.shell:Creating package script '/home/simonzhang/g1-mujoco-ros2-nav-sim-G1-MuJoCo-ROS2-/install/unitree_api/share/unitree_api/package.zsh'
[0.653s] Level 1:colcon.colcon_core.environment:create_file_with_runtime_dependencies(/home/simonzhang/g1-mujoco-ros2-nav-sim-G1-MuJoCo-ROS2-/install/unitree_api/share/colcon-core/packages/unitree_api)
[0.654s] Level 1:colcon.colcon_core.environment:create_environment_scripts_only(unitree_hg)
[0.655s] Level 1:colcon.colcon_core.environment:checking '/home/simonzhang/g1-mujoco-ros2-nav-sim-G1-MuJoCo-ROS2-/install/unitree_hg' for CMake module files
[0.656s] Level 1:colcon.colcon_core.environment:checking '/home/simonzhang/g1-mujoco-ros2-nav-sim-G1-MuJoCo-ROS2-/install/unitree_hg' for CMake config files
[0.656s] Level 1:colcon.colcon_core.shell:create_environment_hook('unitree_hg', 'cmake_prefix_path')
[0.657s] INFO:colcon.colcon_core.shell:Creating environment hook '/home/simonzhang/g1-mujoco-ros2-nav-sim-G1-MuJoCo-ROS2-/install/unitree_hg/share/unitree_hg/hook/cmake_prefix_path.ps1'
[0.658s] INFO:colcon.colcon_core.shell:Creating environment descriptor '/home/simonzhang/g1-mujoco-ros2-nav-sim-G1-MuJoCo-ROS2-/install/unitree_hg/share/unitree_hg/hook/cmake_prefix_path.dsv'
[0.659s] INFO:colcon.colcon_core.shell:Creating environment hook '/home/simonzhang/g1-mujoco-ros2-nav-sim-G1-MuJoCo-ROS2-/install/unitree_hg/share/unitree_hg/hook/cmake_prefix_path.sh'
[0.659s] Level 1:colcon.colcon_core.environment:checking '/home/simonzhang/g1-mujoco-ros2-nav-sim-G1-MuJoCo-ROS2-/install/unitree_hg/lib'
[0.659s] Level 1:colcon.colcon_core.shell:create_environment_hook('unitree_hg', 'ld_library_path_lib')
[0.659s] INFO:colcon.colcon_core.shell:Creating environment hook '/home/simonzhang/g1-mujoco-ros2-nav-sim-G1-MuJoCo-ROS2-/install/unitree_hg/share/unitree_hg/hook/ld_library_path_lib.ps1'
[0.660s] INFO:colcon.colcon_core.shell:Creating environment descriptor '/home/simonzhang/g1-mujoco-ros2-nav-sim-G1-MuJoCo-ROS2-/install/unitree_hg/share/unitree_hg/hook/ld_library_path_lib.dsv'
[0.660s] INFO:colcon.colcon_core.shell:Creating environment hook '/home/simonzhang/g1-mujoco-ros2-nav-sim-G1-MuJoCo-ROS2-/install/unitree_hg/share/unitree_hg/hook/ld_library_path_lib.sh'
[0.661s] Level 1:colcon.colcon_core.environment:checking '/home/simonzhang/g1-mujoco-ros2-nav-sim-G1-MuJoCo-ROS2-/install/unitree_hg/bin'
[0.661s] Level 1:colcon.colcon_core.environment:checking '/home/simonzhang/g1-mujoco-ros2-nav-sim-G1-MuJoCo-ROS2-/install/unitree_hg/lib/pkgconfig/unitree_hg.pc'
[0.661s] Level 1:colcon.colcon_core.environment:checking '/home/simonzhang/g1-mujoco-ros2-nav-sim-G1-MuJoCo-ROS2-/install/unitree_hg/lib/python3.10/site-packages'
[0.661s] Level 1:colcon.colcon_core.environment:checking '/home/simonzhang/g1-mujoco-ros2-nav-sim-G1-MuJoCo-ROS2-/install/unitree_hg/bin'
[0.661s] INFO:colcon.colcon_core.shell:Creating package script '/home/simonzhang/g1-mujoco-ros2-nav-sim-G1-MuJoCo-ROS2-/install/unitree_hg/share/unitree_hg/package.ps1'
[0.662s] INFO:colcon.colcon_core.shell:Creating package descriptor '/home/simonzhang/g1-mujoco-ros2-nav-sim-G1-MuJoCo-ROS2-/install/unitree_hg/share/unitree_hg/package.dsv'
[0.663s] INFO:colcon.colcon_core.shell:Creating package script '/home/simonzhang/g1-mujoco-ros2-nav-sim-G1-MuJoCo-ROS2-/install/unitree_hg/share/unitree_hg/package.sh'
[0.664s] INFO:colcon.colcon_core.shell:Creating package script '/home/simonzhang/g1-mujoco-ros2-nav-sim-G1-MuJoCo-ROS2-/install/unitree_hg/share/unitree_hg/package.bash'
[0.665s] INFO:colcon.colcon_core.shell:Creating package script '/home/simonzhang/g1-mujoco-ros2-nav-sim-G1-MuJoCo-ROS2-/install/unitree_hg/share/unitree_hg/package.zsh'
[0.666s] Level 1:colcon.colcon_core.environment:create_file_with_runtime_dependencies(/home/simonzhang/g1-mujoco-ros2-nav-sim-G1-MuJoCo-ROS2-/install/unitree_hg/share/colcon-core/packages/unitree_hg)
[0.669s] Level 1:colcon.colcon_core.environment:create_environment_scripts_only(unitree_hg)
[0.669s] Level 1:colcon.colcon_core.environment:checking '/home/simonzhang/g1-mujoco-ros2-nav-sim-G1-MuJoCo-ROS2-/install/unitree_hg' for CMake module files
[0.670s] Level 1:colcon.colcon_core.environment:checking '/home/simonzhang/g1-mujoco-ros2-nav-sim-G1-MuJoCo-ROS2-/install/unitree_hg' for CMake config files
[0.670s] DEBUG:colcon.colcon_core.event_handler.log_command:Invoked command in '/home/simonzhang/g1-mujoco-ros2-nav-sim-G1-MuJoCo-ROS2-/build/unitree_hg' returned '0': CMAKE_PREFIX_PATH=/opt/ros/humble /usr/bin/cmake --install /home/simonzhang/g1-mujoco-ros2-nav-sim-G1-MuJoCo-ROS2-/build/unitree_hg
[0.670s] Level 1:colcon.colcon_core.shell:create_environment_hook('unitree_hg', 'cmake_prefix_path')
[0.670s] INFO:colcon.colcon_core.shell:Creating environment hook '/home/simonzhang/g1-mujoco-ros2-nav-sim-G1-MuJoCo-ROS2-/install/unitree_hg/share/unitree_hg/hook/cmake_prefix_path.ps1'
[0.670s] INFO:colcon.colcon_core.shell:Creating environment descriptor '/home/simonzhang/g1-mujoco-ros2-nav-sim-G1-MuJoCo-ROS2-/install/unitree_hg/share/unitree_hg/hook/cmake_prefix_path.dsv'
[0.670s] INFO:colcon.colcon_core.shell:Creating environment hook '/home/simonzhang/g1-mujoco-ros2-nav-sim-G1-MuJoCo-ROS2-/install/unitree_hg/share/unitree_hg/hook/cmake_prefix_path.sh'
[0.671s] Level 1:colcon.colcon_core.environment:checking '/home/simonzhang/g1-mujoco-ros2-nav-sim-G1-MuJoCo-ROS2-/install/unitree_hg/lib'
[0.671s] Level 1:colcon.colcon_core.shell:create_environment_hook('unitree_hg', 'ld_library_path_lib')
[0.671s] INFO:colcon.colcon_core.shell:Creating environment hook '/home/simonzhang/g1-mujoco-ros2-nav-sim-G1-MuJoCo-ROS2-/install/unitree_hg/share/unitree_hg/hook/ld_library_path_lib.ps1'
[0.671s] INFO:colcon.colcon_core.shell:Creating environment descriptor '/home/simonzhang/g1-mujoco-ros2-nav-sim-G1-MuJoCo-ROS2-/install/unitree_hg/share/unitree_hg/hook/ld_library_path_lib.dsv'
[0.671s] INFO:colcon.colcon_core.shell:Creating environment hook '/home/simonzhang/g1-mujoco-ros2-nav-sim-G1-MuJoCo-ROS2-/install/unitree_hg/share/unitree_hg/hook/ld_library_path_lib.sh'
[0.671s] Level 1:colcon.colcon_core.environment:checking '/home/simonzhang/g1-mujoco-ros2-nav-sim-G1-MuJoCo-ROS2-/install/unitree_hg/bin'
[0.671s] Level 1:colcon.colcon_core.environment:checking '/home/simonzhang/g1-mujoco-ros2-nav-sim-G1-MuJoCo-ROS2-/install/unitree_hg/lib/pkgconfig/unitree_hg.pc'
[0.671s] Level 1:colcon.colcon_core.environment:checking '/home/simonzhang/g1-mujoco-ros2-nav-sim-G1-MuJoCo-ROS2-/install/unitree_hg/lib/python3.10/site-packages'
[0.671s] Level 1:colcon.colcon_core.environment:checking '/home/simonzhang/g1-mujoco-ros2-nav-sim-G1-MuJoCo-ROS2-/install/unitree_hg/bin'
[0.672s] INFO:colcon.colcon_core.shell:Creating package script '/home/simonzhang/g1-mujoco-ros2-nav-sim-G1-MuJoCo-ROS2-/install/unitree_hg/share/unitree_hg/package.ps1'
[0.672s] INFO:colcon.colcon_core.shell:Creating package descriptor '/home/simonzhang/g1-mujoco-ros2-nav-sim-G1-MuJoCo-ROS2-/install/unitree_hg/share/unitree_hg/package.dsv'
[0.672s] INFO:colcon.colcon_core.shell:Creating package script '/home/simonzhang/g1-mujoco-ros2-nav-sim-G1-MuJoCo-ROS2-/install/unitree_hg/share/unitree_hg/package.sh'
[0.672s] INFO:colcon.colcon_core.shell:Creating package script '/home/simonzhang/g1-mujoco-ros2-nav-sim-G1-MuJoCo-ROS2-/install/unitree_hg/share/unitree_hg/package.bash'
[0.672s] INFO:colcon.colcon_core.shell:Creating package script '/home/simonzhang/g1-mujoco-ros2-nav-sim-G1-MuJoCo-ROS2-/install/unitree_hg/share/unitree_hg/package.zsh'
[0.672s] Level 1:colcon.colcon_core.environment:create_file_with_runtime_dependencies(/home/simonzhang/g1-mujoco-ros2-nav-sim-G1-MuJoCo-ROS2-/install/unitree_hg/share/colcon-core/packages/unitree_hg)
[0.673s] Level 1:colcon.colcon_core.environment:create_environment_scripts_only(unitree_go)
[0.673s] Level 1:colcon.colcon_core.environment:checking '/home/simonzhang/g1-mujoco-ros2-nav-sim-G1-MuJoCo-ROS2-/install/unitree_go' for CMake module files
[0.673s] Level 1:colcon.colcon_core.environment:checking '/home/simonzhang/g1-mujoco-ros2-nav-sim-G1-MuJoCo-ROS2-/install/unitree_go' for CMake config files
[0.673s] Level 1:colcon.colcon_core.shell:create_environment_hook('unitree_go', 'cmake_prefix_path')
[0.673s] INFO:colcon.colcon_core.shell:Creating environment hook '/home/simonzhang/g1-mujoco-ros2-nav-sim-G1-MuJoCo-ROS2-/install/unitree_go/share/unitree_go/hook/cmake_prefix_path.ps1'
[0.674s] DEBUG:colcon.colcon_core.event_handler.log_command:Invoked command in '/home/simonzhang/g1-mujoco-ros2-nav-sim-G1-MuJoCo-ROS2-/build/unitree_go' returned '0': CMAKE_PREFIX_PATH=/opt/ros/humble /usr/bin/cmake --install /home/simonzhang/g1-mujoco-ros2-nav-sim-G1-MuJoCo-ROS2-/build/unitree_go
[0.674s] INFO:colcon.colcon_core.shell:Creating environment descriptor '/home/simonzhang/g1-mujoco-ros2-nav-sim-G1-MuJoCo-ROS2-/install/unitree_go/share/unitree_go/hook/cmake_prefix_path.dsv'
[0.674s] INFO:colcon.colcon_core.shell:Creating environment hook '/home/simonzhang/g1-mujoco-ros2-nav-sim-G1-MuJoCo-ROS2-/install/unitree_go/share/unitree_go/hook/cmake_prefix_path.sh'
[0.675s] Level 1:colcon.colcon_core.environment:checking '/home/simonzhang/g1-mujoco-ros2-nav-sim-G1-MuJoCo-ROS2-/install/unitree_go/lib'
[0.675s] Level 1:colcon.colcon_core.shell:create_environment_hook('unitree_go', 'ld_library_path_lib')
[0.675s] INFO:colcon.colcon_core.shell:Creating environment hook '/home/simonzhang/g1-mujoco-ros2-nav-sim-G1-MuJoCo-ROS2-/install/unitree_go/share/unitree_go/hook/ld_library_path_lib.ps1'
[0.675s] INFO:colcon.colcon_core.shell:Creating environment descriptor '/home/simonzhang/g1-mujoco-ros2-nav-sim-G1-MuJoCo-ROS2-/install/unitree_go/share/unitree_go/hook/ld_library_path_lib.dsv'
[0.675s] INFO:colcon.colcon_core.shell:Creating environment hook '/home/simonzhang/g1-mujoco-ros2-nav-sim-G1-MuJoCo-ROS2-/install/unitree_go/share/unitree_go/hook/ld_library_path_lib.sh'
[0.675s] Level 1:colcon.colcon_core.environment:checking '/home/simonzhang/g1-mujoco-ros2-nav-sim-G1-MuJoCo-ROS2-/install/unitree_go/bin'
[0.675s] Level 1:colcon.colcon_core.environment:checking '/home/simonzhang/g1-mujoco-ros2-nav-sim-G1-MuJoCo-ROS2-/install/unitree_go/lib/pkgconfig/unitree_go.pc'
[0.675s] Level 1:colcon.colcon_core.environment:checking '/home/simonzhang/g1-mujoco-ros2-nav-sim-G1-MuJoCo-ROS2-/install/unitree_go/lib/python3.10/site-packages'
[0.676s] Level 1:colcon.colcon_core.environment:checking '/home/simonzhang/g1-mujoco-ros2-nav-sim-G1-MuJoCo-ROS2-/install/unitree_go/bin'
[0.676s] INFO:colcon.colcon_core.shell:Creating package script '/home/simonzhang/g1-mujoco-ros2-nav-sim-G1-MuJoCo-ROS2-/install/unitree_go/share/unitree_go/package.ps1'
[0.676s] INFO:colcon.colcon_core.shell:Creating package descriptor '/home/simonzhang/g1-mujoco-ros2-nav-sim-G1-MuJoCo-ROS2-/install/unitree_go/share/unitree_go/package.dsv'
[0.676s] INFO:colcon.colcon_core.shell:Creating package script '/home/simonzhang/g1-mujoco-ros2-nav-sim-G1-MuJoCo-ROS2-/install/unitree_go/share/unitree_go/package.sh'
[0.676s] INFO:colcon.colcon_core.shell:Creating package script '/home/simonzhang/g1-mujoco-ros2-nav-sim-G1-MuJoCo-ROS2-/install/unitree_go/share/unitree_go/package.bash'
[0.676s] INFO:colcon.colcon_core.shell:Creating package script '/home/simonzhang/g1-mujoco-ros2-nav-sim-G1-MuJoCo-ROS2-/install/unitree_go/share/unitree_go/package.zsh'
[0.676s] Level 1:colcon.colcon_core.environment:create_file_with_runtime_dependencies(/home/simonzhang/g1-mujoco-ros2-nav-sim-G1-MuJoCo-ROS2-/install/unitree_go/share/colcon-core/packages/unitree_go)
[0.677s] Level 1:colcon.colcon_core.environment:create_environment_scripts_only(unitree_go)
[0.677s] Level 1:colcon.colcon_core.environment:checking '/home/simonzhang/g1-mujoco-ros2-nav-sim-G1-MuJoCo-ROS2-/install/unitree_go' for CMake module files
[0.677s] Level 1:colcon.colcon_core.environment:checking '/home/simonzhang/g1-mujoco-ros2-nav-sim-G1-MuJoCo-ROS2-/install/unitree_go' for CMake config files
[0.677s] Level 1:colcon.colcon_core.shell:create_environment_hook('unitree_go', 'cmake_prefix_path')
[0.677s] INFO:colcon.colcon_core.shell:Creating environment hook '/home/simonzhang/g1-mujoco-ros2-nav-sim-G1-MuJoCo-ROS2-/install/unitree_go/share/unitree_go/hook/cmake_prefix_path.ps1'
[0.677s] INFO:colcon.colcon_core.shell:Creating environment descriptor '/home/simonzhang/g1-mujoco-ros2-nav-sim-G1-MuJoCo-ROS2-/install/unitree_go/share/unitree_go/hook/cmake_prefix_path.dsv'
[0.677s] INFO:colcon.colcon_core.shell:Creating environment hook '/home/simonzhang/g1-mujoco-ros2-nav-sim-G1-MuJoCo-ROS2-/install/unitree_go/share/unitree_go/hook/cmake_prefix_path.sh'
[0.678s] Level 1:colcon.colcon_core.environment:checking '/home/simonzhang/g1-mujoco-ros2-nav-sim-G1-MuJoCo-ROS2-/install/unitree_go/lib'
[0.678s] Level 1:colcon.colcon_core.shell:create_environment_hook('unitree_go', 'ld_library_path_lib')
[0.678s] INFO:colcon.colcon_core.shell:Creating environment hook '/home/simonzhang/g1-mujoco-ros2-nav-sim-G1-MuJoCo-ROS2-/install/unitree_go/share/unitree_go/hook/ld_library_path_lib.ps1'
[0.678s] INFO:colcon.colcon_core.shell:Creating environment descriptor '/home/simonzhang/g1-mujoco-ros2-nav-sim-G1-MuJoCo-ROS2-/install/unitree_go/share/unitree_go/hook/ld_library_path_lib.dsv'
[0.678s] INFO:colcon.colcon_core.shell:Creating environment hook '/home/simonzhang/g1-mujoco-ros2-nav-sim-G1-MuJoCo-ROS2-/install/unitree_go/share/unitree_go/hook/ld_library_path_lib.sh'
[0.678s] Level 1:colcon.colcon_core.environment:checking '/home/simonzhang/g1-mujoco-ros2-nav-sim-G1-MuJoCo-ROS2-/install/unitree_go/bin'
[0.678s] Level 1:colcon.colcon_core.environment:checking '/home/simonzhang/g1-mujoco-ros2-nav-sim-G1-MuJoCo-ROS2-/install/unitree_go/lib/pkgconfig/unitree_go.pc'
[0.678s] Level 1:colcon.colcon_core.environment:checking '/home/simonzhang/g1-mujoco-ros2-nav-sim-G1-MuJoCo-ROS2-/install/unitree_go/lib/python3.10/site-packages'
[0.679s] Level 1:colcon.colcon_core.environment:checking '/home/simonzhang/g1-mujoco-ros2-nav-sim-G1-MuJoCo-ROS2-/install/unitree_go/bin'
[0.679s] INFO:colcon.colcon_core.shell:Creating package script '/home/simonzhang/g1-mujoco-ros2-nav-sim-G1-MuJoCo-ROS2-/install/unitree_go/share/unitree_go/package.ps1'
[0.679s] INFO:colcon.colcon_core.shell:Creating package descriptor '/home/simonzhang/g1-mujoco-ros2-nav-sim-G1-MuJoCo-ROS2-/install/unitree_go/share/unitree_go/package.dsv'
[0.679s] INFO:colcon.colcon_core.shell:Creating package script '/home/simonzhang/g1-mujoco-ros2-nav-sim-G1-MuJoCo-ROS2-/install/unitree_go/share/unitree_go/package.sh'
[0.679s] INFO:colcon.colcon_core.shell:Creating package script '/home/simonzhang/g1-mujoco-ros2-nav-sim-G1-MuJoCo-ROS2-/install/unitree_go/share/unitree_go/package.bash'
[0.679s] INFO:colcon.colcon_core.shell:Creating package script '/home/simonzhang/g1-mujoco-ros2-nav-sim-G1-MuJoCo-ROS2-/install/unitree_go/share/unitree_go/package.zsh'
[0.680s] Level 1:colcon.colcon_core.environment:create_file_with_runtime_dependencies(/home/simonzhang/g1-mujoco-ros2-nav-sim-G1-MuJoCo-ROS2-/install/unitree_go/share/colcon-core/packages/unitree_go)
[0.680s] INFO:colcon.colcon_ros.task.ament_cmake.build:Building ROS package in '/home/simonzhang/g1-mujoco-ros2-nav-sim-G1-MuJoCo-ROS2-/src/unitree_ros2/example/src' with build type 'ament_cmake'
[0.680s] INFO:colcon.colcon_cmake.task.cmake.build:Building CMake package in '/home/simonzhang/g1-mujoco-ros2-nav-sim-G1-MuJoCo-ROS2-/src/unitree_ros2/example/src'
[0.680s] INFO:colcon.colcon_core.shell:Skip shell extension 'powershell' for command environment: Not usable outside of PowerShell
[0.680s] DEBUG:colcon.colcon_core.shell:Skip shell extension 'dsv' for command environment
[0.682s] Level 1:colcon.colcon_core.environment:create_environment_scripts_only(unitree_sdk2)
[0.682s] Level 1:colcon.colcon_core.environment:checking '/home/simonzhang/g1-mujoco-ros2-nav-sim-G1-MuJoCo-ROS2-/install/unitree_sdk2' for CMake module files
[0.682s] Level 1:colcon.colcon_core.environment:checking '/home/simonzhang/g1-mujoco-ros2-nav-sim-G1-MuJoCo-ROS2-/install/unitree_sdk2' for CMake config files
[0.682s] Level 1:colcon.colcon_core.shell:create_environment_hook('unitree_sdk2', 'cmake_prefix_path')
[0.682s] INFO:colcon.colcon_core.shell:Creating environment hook '/home/simonzhang/g1-mujoco-ros2-nav-sim-G1-MuJoCo-ROS2-/install/unitree_sdk2/share/unitree_sdk2/hook/cmake_prefix_path.ps1'
[0.682s] DEBUG:colcon.colcon_core.event_handler.log_command:Invoked command in '/home/simonzhang/g1-mujoco-ros2-nav-sim-G1-MuJoCo-ROS2-/build/unitree_sdk2' returned '0': /usr/bin/cmake --install /home/simonzhang/g1-mujoco-ros2-nav-sim-G1-MuJoCo-ROS2-/build/unitree_sdk2
[0.682s] INFO:colcon.colcon_core.shell:Creating environment descriptor '/home/simonzhang/g1-mujoco-ros2-nav-sim-G1-MuJoCo-ROS2-/install/unitree_sdk2/share/unitree_sdk2/hook/cmake_prefix_path.dsv'
[0.682s] INFO:colcon.colcon_core.shell:Creating environment hook '/home/simonzhang/g1-mujoco-ros2-nav-sim-G1-MuJoCo-ROS2-/install/unitree_sdk2/share/unitree_sdk2/hook/cmake_prefix_path.sh'
[0.683s] Level 1:colcon.colcon_core.environment:checking '/home/simonzhang/g1-mujoco-ros2-nav-sim-G1-MuJoCo-ROS2-/install/unitree_sdk2/lib'
[0.683s] Level 1:colcon.colcon_core.shell:create_environment_hook('unitree_sdk2', 'ld_library_path_lib')
[0.683s] INFO:colcon.colcon_core.shell:Creating environment hook '/home/simonzhang/g1-mujoco-ros2-nav-sim-G1-MuJoCo-ROS2-/install/unitree_sdk2/share/unitree_sdk2/hook/ld_library_path_lib.ps1'
[0.683s] INFO:colcon.colcon_core.shell:Creating environment descriptor '/home/simonzhang/g1-mujoco-ros2-nav-sim-G1-MuJoCo-ROS2-/install/unitree_sdk2/share/unitree_sdk2/hook/ld_library_path_lib.dsv'
[0.683s] INFO:colcon.colcon_core.shell:Creating environment hook '/home/simonzhang/g1-mujoco-ros2-nav-sim-G1-MuJoCo-ROS2-/install/unitree_sdk2/share/unitree_sdk2/hook/ld_library_path_lib.sh'
[0.683s] Level 1:colcon.colcon_core.environment:checking '/home/simonzhang/g1-mujoco-ros2-nav-sim-G1-MuJoCo-ROS2-/install/unitree_sdk2/bin'
[0.683s] Level 1:colcon.colcon_core.environment:checking '/home/simonzhang/g1-mujoco-ros2-nav-sim-G1-MuJoCo-ROS2-/install/unitree_sdk2/lib/pkgconfig/unitree_sdk2.pc'
[0.683s] Level 1:colcon.colcon_core.environment:checking '/home/simonzhang/g1-mujoco-ros2-nav-sim-G1-MuJoCo-ROS2-/install/unitree_sdk2/lib/python3.10/site-packages'
[0.683s] Level 1:colcon.colcon_core.environment:checking '/home/simonzhang/g1-mujoco-ros2-nav-sim-G1-MuJoCo-ROS2-/install/unitree_sdk2/bin'
[0.684s] INFO:colcon.colcon_core.shell:Creating package script '/home/simonzhang/g1-mujoco-ros2-nav-sim-G1-MuJoCo-ROS2-/install/unitree_sdk2/share/unitree_sdk2/package.ps1'
[0.684s] INFO:colcon.colcon_core.shell:Creating package descriptor '/home/simonzhang/g1-mujoco-ros2-nav-sim-G1-MuJoCo-ROS2-/install/unitree_sdk2/share/unitree_sdk2/package.dsv'
[0.684s] INFO:colcon.colcon_core.shell:Creating package script '/home/simonzhang/g1-mujoco-ros2-nav-sim-G1-MuJoCo-ROS2-/install/unitree_sdk2/share/unitree_sdk2/package.sh'
[0.685s] INFO:colcon.colcon_core.shell:Creating package script '/home/simonzhang/g1-mujoco-ros2-nav-sim-G1-MuJoCo-ROS2-/install/unitree_sdk2/share/unitree_sdk2/package.bash'
[0.685s] INFO:colcon.colcon_core.shell:Creating package script '/home/simonzhang/g1-mujoco-ros2-nav-sim-G1-MuJoCo-ROS2-/install/unitree_sdk2/share/unitree_sdk2/package.zsh'
[0.685s] Level 1:colcon.colcon_core.environment:create_file_with_runtime_dependencies(/home/simonzhang/g1-mujoco-ros2-nav-sim-G1-MuJoCo-ROS2-/install/unitree_sdk2/share/colcon-core/packages/unitree_sdk2)
[0.685s] INFO:colcon.colcon_cmake.task.cmake.build:Building CMake package in '/home/simonzhang/g1-mujoco-ros2-nav-sim-G1-MuJoCo-ROS2-/src/unitree_mujoco/simulate'
[0.686s] INFO:colcon.colcon_core.shell:Skip shell extension 'powershell' for command environment: Not usable outside of PowerShell
[0.686s] DEBUG:colcon.colcon_core.shell:Skip shell extension 'dsv' for command environment
[0.689s] DEBUG:colcon.colcon_core.event_handler.log_command:Invoking command in '/home/simonzhang/g1-mujoco-ros2-nav-sim-G1-MuJoCo-ROS2-/build/unitree_ros2_example': AMENT_PREFIX_PATH=/home/simonzhang/g1-mujoco-ros2-nav-sim-G1-MuJoCo-ROS2-/install/unitree_hg:/home/simonzhang/g1-mujoco-ros2-nav-sim-G1-MuJoCo-ROS2-/install/unitree_go:/home/simonzhang/g1-mujoco-ros2-nav-sim-G1-MuJoCo-ROS2-/install/unitree_api:${AMENT_PREFIX_PATH} CMAKE_PREFIX_PATH=/home/simonzhang/g1-mujoco-ros2-nav-sim-G1-MuJoCo-ROS2-/install/unitree_hg:/home/simonzhang/g1-mujoco-ros2-nav-sim-G1-MuJoCo-ROS2-/install/unitree_go:/home/simonzhang/g1-mujoco-ros2-nav-sim-G1-MuJoCo-ROS2-/install/unitree_api:/opt/ros/humble LD_LIBRARY_PATH=/home/simonzhang/g1-mujoco-ros2-nav-sim-G1-MuJoCo-ROS2-/install/unitree_hg/lib:/home/simonzhang/g1-mujoco-ros2-nav-sim-G1-MuJoCo-ROS2-/install/unitree_go/lib:/home/simonzhang/g1-mujoco-ros2-nav-sim-G1-MuJoCo-ROS2-/install/unitree_api/lib:${LD_LIBRARY_PATH} PYTHONPATH=/home/simonzhang/g1-mujoco-ros2-nav-sim-G1-MuJoCo-ROS2-/install/unitree_hg/local/lib/python3.10/dist-packages:/home/simonzhang/g1-mujoco-ros2-nav-sim-G1-MuJoCo-ROS2-/install/unitree_go/local/lib/python3.10/dist-packages:/home/simonzhang/g1-mujoco-ros2-nav-sim-G1-MuJoCo-ROS2-/install/unitree_api/local/lib/python3.10/dist-packages:${PYTHONPATH} /usr/bin/cmake --build /home/simonzhang/g1-mujoco-ros2-nav-sim-G1-MuJoCo-ROS2-/build/unitree_ros2_example -- -j24 -l24
[0.694s] DEBUG:colcon.colcon_core.event_handler.log_command:Invoking command in '/home/simonzhang/g1-mujoco-ros2-nav-sim-G1-MuJoCo-ROS2-/build/unitree_mujoco': CMAKE_PREFIX_PATH=/home/simonzhang/g1-mujoco-ros2-nav-sim-G1-MuJoCo-ROS2-/install/unitree_sdk2 LD_LIBRARY_PATH=/home/simonzhang/g1-mujoco-ros2-nav-sim-G1-MuJoCo-ROS2-/install/unitree_sdk2/lib:${LD_LIBRARY_PATH} /usr/bin/cmake /home/simonzhang/g1-mujoco-ros2-nav-sim-G1-MuJoCo-ROS2-/src/unitree_mujoco/simulate -DPython3_EXECUTABLE=/usr/bin/python3 -DCMAKE_INSTALL_PREFIX=/home/simonzhang/g1-mujoco-ros2-nav-sim-G1-MuJoCo-ROS2-/install/unitree_mujoco
[0.701s] DEBUG:colcon.colcon_core.event_handler.log_command:Invoking command in '/home/simonzhang/g1-mujoco-ros2-nav-sim-G1-MuJoCo-ROS2-/src/mujuco_sim': PYTHONPATH=/home/simonzhang/g1-mujoco-ros2-nav-sim-G1-MuJoCo-ROS2-/build/mujuco_sim/prefix_override:/usr/lib/python3/dist-packages/colcon_core/task/python/colcon_distutils_commands:/home/simonzhang/g1-mujoco-ros2-nav-sim-G1-MuJoCo-ROS2-/install/mujuco_sim/lib/python3.10/site-packages:${PYTHONPATH} /usr/bin/python3 -W ignore:setup.py install is deprecated -W ignore:easy_install command is deprecated setup.py egg_info --egg-base ../../build/mujuco_sim build --build-base /home/simonzhang/g1-mujoco-ros2-nav-sim-G1-MuJoCo-ROS2-/build/mujuco_sim/build install --record /home/simonzhang/g1-mujoco-ros2-nav-sim-G1-MuJoCo-ROS2-/build/mujuco_sim/install.log --single-version-externally-managed install_data
[0.704s] DEBUG:colcon.colcon_core.event_handler.log_command:Invoking command in '/home/simonzhang/g1-mujoco-ros2-nav-sim-G1-MuJoCo-ROS2-/src/unitree_rl_mjlab': PYTHONPATH=/home/simonzhang/g1-mujoco-ros2-nav-sim-G1-MuJoCo-ROS2-/build/unitree_rl_mjlab/prefix_override:/usr/lib/python3/dist-packages/colcon_core/task/python/colcon_distutils_commands:/home/simonzhang/g1-mujoco-ros2-nav-sim-G1-MuJoCo-ROS2-/install/unitree_rl_mjlab/lib/python3.10/site-packages:${PYTHONPATH} /usr/bin/python3 -W ignore:setup.py install is deprecated -W ignore:easy_install command is deprecated setup.py egg_info --egg-base ../../build/unitree_rl_mjlab build --build-base /home/simonzhang/g1-mujoco-ros2-nav-sim-G1-MuJoCo-ROS2-/build/unitree_rl_mjlab/build install --record /home/simonzhang/g1-mujoco-ros2-nav-sim-G1-MuJoCo-ROS2-/build/unitree_rl_mjlab/install.log --single-version-externally-managed
[0.847s] Level 1:colcon.colcon_core.environment:checking '/home/simonzhang/g1-mujoco-ros2-nav-sim-G1-MuJoCo-ROS2-/install/unitree_rl_mjlab' for CMake module files
[0.847s] DEBUG:colcon.colcon_core.event_handler.log_command:Invoked command in '/home/simonzhang/g1-mujoco-ros2-nav-sim-G1-MuJoCo-ROS2-/src/unitree_rl_mjlab' returned '0': PYTHONPATH=/home/simonzhang/g1-mujoco-ros2-nav-sim-G1-MuJoCo-ROS2-/build/unitree_rl_mjlab/prefix_override:/usr/lib/python3/dist-packages/colcon_core/task/python/colcon_distutils_commands:/home/simonzhang/g1-mujoco-ros2-nav-sim-G1-MuJoCo-ROS2-/install/unitree_rl_mjlab/lib/python3.10/site-packages:${PYTHONPATH} /usr/bin/python3 -W ignore:setup.py install is deprecated -W ignore:easy_install command is deprecated setup.py egg_info --egg-base ../../build/unitree_rl_mjlab build --build-base /home/simonzhang/g1-mujoco-ros2-nav-sim-G1-MuJoCo-ROS2-/build/unitree_rl_mjlab/build install --record /home/simonzhang/g1-mujoco-ros2-nav-sim-G1-MuJoCo-ROS2-/build/unitree_rl_mjlab/install.log --single-version-externally-managed
[0.848s] Level 1:colcon.colcon_core.environment:checking '/home/simonzhang/g1-mujoco-ros2-nav-sim-G1-MuJoCo-ROS2-/install/unitree_rl_mjlab' for CMake config files
[0.848s] Level 1:colcon.colcon_core.environment:checking '/home/simonzhang/g1-mujoco-ros2-nav-sim-G1-MuJoCo-ROS2-/install/unitree_rl_mjlab/lib'
[0.848s] Level 1:colcon.colcon_core.environment:checking '/home/simonzhang/g1-mujoco-ros2-nav-sim-G1-MuJoCo-ROS2-/install/unitree_rl_mjlab/bin'
[0.848s] Level 1:colcon.colcon_core.environment:checking '/home/simonzhang/g1-mujoco-ros2-nav-sim-G1-MuJoCo-ROS2-/install/unitree_rl_mjlab/lib/pkgconfig/unitree_rl_mjlab.pc'
[0.848s] Level 1:colcon.colcon_core.environment:checking '/home/simonzhang/g1-mujoco-ros2-nav-sim-G1-MuJoCo-ROS2-/install/unitree_rl_mjlab/lib/python3.10/site-packages'
[0.848s] Level 1:colcon.colcon_core.shell:create_environment_hook('unitree_rl_mjlab', 'pythonpath')
[0.848s] INFO:colcon.colcon_core.shell:Creating environment hook '/home/simonzhang/g1-mujoco-ros2-nav-sim-G1-MuJoCo-ROS2-/install/unitree_rl_mjlab/share/unitree_rl_mjlab/hook/pythonpath.ps1'
[0.848s] INFO:colcon.colcon_core.shell:Creating environment descriptor '/home/simonzhang/g1-mujoco-ros2-nav-sim-G1-MuJoCo-ROS2-/install/unitree_rl_mjlab/share/unitree_rl_mjlab/hook/pythonpath.dsv'
[0.849s] INFO:colcon.colcon_core.shell:Creating environment hook '/home/simonzhang/g1-mujoco-ros2-nav-sim-G1-MuJoCo-ROS2-/install/unitree_rl_mjlab/share/unitree_rl_mjlab/hook/pythonpath.sh'
[0.849s] Level 1:colcon.colcon_core.environment:checking '/home/simonzhang/g1-mujoco-ros2-nav-sim-G1-MuJoCo-ROS2-/install/unitree_rl_mjlab/bin'
[0.849s] Level 1:colcon.colcon_core.environment:create_environment_scripts_only(unitree_rl_mjlab)
[0.849s] INFO:colcon.colcon_core.shell:Creating package script '/home/simonzhang/g1-mujoco-ros2-nav-sim-G1-MuJoCo-ROS2-/install/unitree_rl_mjlab/share/unitree_rl_mjlab/package.ps1'
[0.849s] INFO:colcon.colcon_core.shell:Creating package descriptor '/home/simonzhang/g1-mujoco-ros2-nav-sim-G1-MuJoCo-ROS2-/install/unitree_rl_mjlab/share/unitree_rl_mjlab/package.dsv'
[0.849s] INFO:colcon.colcon_core.shell:Creating package script '/home/simonzhang/g1-mujoco-ros2-nav-sim-G1-MuJoCo-ROS2-/install/unitree_rl_mjlab/share/unitree_rl_mjlab/package.sh'
[0.850s] INFO:colcon.colcon_core.shell:Creating package script '/home/simonzhang/g1-mujoco-ros2-nav-sim-G1-MuJoCo-ROS2-/install/unitree_rl_mjlab/share/unitree_rl_mjlab/package.bash'
[0.850s] INFO:colcon.colcon_core.shell:Creating package script '/home/simonzhang/g1-mujoco-ros2-nav-sim-G1-MuJoCo-ROS2-/install/unitree_rl_mjlab/share/unitree_rl_mjlab/package.zsh'
[0.850s] Level 1:colcon.colcon_core.environment:create_file_with_runtime_dependencies(/home/simonzhang/g1-mujoco-ros2-nav-sim-G1-MuJoCo-ROS2-/install/unitree_rl_mjlab/share/colcon-core/packages/unitree_rl_mjlab)
[0.859s] Level 1:colcon.colcon_core.environment:checking '/home/simonzhang/g1-mujoco-ros2-nav-sim-G1-MuJoCo-ROS2-/install/mujuco_sim' for CMake module files
[0.860s] DEBUG:colcon.colcon_core.event_handler.log_command:Invoked command in '/home/simonzhang/g1-mujoco-ros2-nav-sim-G1-MuJoCo-ROS2-/src/mujuco_sim' returned '0': PYTHONPATH=/home/simonzhang/g1-mujoco-ros2-nav-sim-G1-MuJoCo-ROS2-/build/mujuco_sim/prefix_override:/usr/lib/python3/dist-packages/colcon_core/task/python/colcon_distutils_commands:/home/simonzhang/g1-mujoco-ros2-nav-sim-G1-MuJoCo-ROS2-/install/mujuco_sim/lib/python3.10/site-packages:${PYTHONPATH} /usr/bin/python3 -W ignore:setup.py install is deprecated -W ignore:easy_install command is deprecated setup.py egg_info --egg-base ../../build/mujuco_sim build --build-base /home/simonzhang/g1-mujoco-ros2-nav-sim-G1-MuJoCo-ROS2-/build/mujuco_sim/build install --record /home/simonzhang/g1-mujoco-ros2-nav-sim-G1-MuJoCo-ROS2-/build/mujuco_sim/install.log --single-version-externally-managed install_data
[0.860s] Level 1:colcon.colcon_core.environment:checking '/home/simonzhang/g1-mujoco-ros2-nav-sim-G1-MuJoCo-ROS2-/install/mujuco_sim' for CMake config files
[0.860s] Level 1:colcon.colcon_core.environment:checking '/home/simonzhang/g1-mujoco-ros2-nav-sim-G1-MuJoCo-ROS2-/install/mujuco_sim/lib'
[0.860s] Level 1:colcon.colcon_core.environment:checking '/home/simonzhang/g1-mujoco-ros2-nav-sim-G1-MuJoCo-ROS2-/install/mujuco_sim/bin'
[0.860s] Level 1:colcon.colcon_core.environment:checking '/home/simonzhang/g1-mujoco-ros2-nav-sim-G1-MuJoCo-ROS2-/install/mujuco_sim/lib/pkgconfig/mujuco_sim.pc'
[0.860s] Level 1:colcon.colcon_core.environment:checking '/home/simonzhang/g1-mujoco-ros2-nav-sim-G1-MuJoCo-ROS2-/install/mujuco_sim/lib/python3.10/site-packages'
[0.861s] Level 1:colcon.colcon_core.shell:create_environment_hook('mujuco_sim', 'pythonpath')
[0.861s] INFO:colcon.colcon_core.shell:Creating environment hook '/home/simonzhang/g1-mujoco-ros2-nav-sim-G1-MuJoCo-ROS2-/install/mujuco_sim/share/mujuco_sim/hook/pythonpath.ps1'
[0.861s] INFO:colcon.colcon_core.shell:Creating environment descriptor '/home/simonzhang/g1-mujoco-ros2-nav-sim-G1-MuJoCo-ROS2-/install/mujuco_sim/share/mujuco_sim/hook/pythonpath.dsv'
[0.861s] INFO:colcon.colcon_core.shell:Creating environment hook '/home/simonzhang/g1-mujoco-ros2-nav-sim-G1-MuJoCo-ROS2-/install/mujuco_sim/share/mujuco_sim/hook/pythonpath.sh'
[0.861s] Level 1:colcon.colcon_core.environment:checking '/home/simonzhang/g1-mujoco-ros2-nav-sim-G1-MuJoCo-ROS2-/install/mujuco_sim/bin'
[0.861s] Level 1:colcon.colcon_core.environment:create_environment_scripts_only(mujuco_sim)
[0.862s] INFO:colcon.colcon_core.shell:Creating package script '/home/simonzhang/g1-mujoco-ros2-nav-sim-G1-MuJoCo-ROS2-/install/mujuco_sim/share/mujuco_sim/package.ps1'
[0.865s] INFO:colcon.colcon_core.shell:Creating package descriptor '/home/simonzhang/g1-mujoco-ros2-nav-sim-G1-MuJoCo-ROS2-/install/mujuco_sim/share/mujuco_sim/package.dsv'
[0.865s] INFO:colcon.colcon_core.shell:Creating package script '/home/simonzhang/g1-mujoco-ros2-nav-sim-G1-MuJoCo-ROS2-/install/mujuco_sim/share/mujuco_sim/package.sh'
[0.866s] INFO:colcon.colcon_core.shell:Creating package script '/home/simonzhang/g1-mujoco-ros2-nav-sim-G1-MuJoCo-ROS2-/install/mujuco_sim/share/mujuco_sim/package.bash'
[0.866s] INFO:colcon.colcon_core.shell:Creating package script '/home/simonzhang/g1-mujoco-ros2-nav-sim-G1-MuJoCo-ROS2-/install/mujuco_sim/share/mujuco_sim/package.zsh'
[0.866s] Level 1:colcon.colcon_core.environment:create_file_with_runtime_dependencies(/home/simonzhang/g1-mujoco-ros2-nav-sim-G1-MuJoCo-ROS2-/install/mujuco_sim/share/colcon-core/packages/mujuco_sim)
[1.213s] DEBUG:colcon.colcon_core.event_handler.log_command:Invoked command in '/home/simonzhang/g1-mujoco-ros2-nav-sim-G1-MuJoCo-ROS2-/build/unitree_mujoco' returned '0': CMAKE_PREFIX_PATH=/home/simonzhang/g1-mujoco-ros2-nav-sim-G1-MuJoCo-ROS2-/install/unitree_sdk2 LD_LIBRARY_PATH=/home/simonzhang/g1-mujoco-ros2-nav-sim-G1-MuJoCo-ROS2-/install/unitree_sdk2/lib:${LD_LIBRARY_PATH} /usr/bin/cmake /home/simonzhang/g1-mujoco-ros2-nav-sim-G1-MuJoCo-ROS2-/src/unitree_mujoco/simulate -DPython3_EXECUTABLE=/usr/bin/python3 -DCMAKE_INSTALL_PREFIX=/home/simonzhang/g1-mujoco-ros2-nav-sim-G1-MuJoCo-ROS2-/install/unitree_mujoco
[1.216s] DEBUG:colcon.colcon_core.event_handler.log_command:Invoking command in '/home/simonzhang/g1-mujoco-ros2-nav-sim-G1-MuJoCo-ROS2-/build/unitree_mujoco': CMAKE_PREFIX_PATH=/home/simonzhang/g1-mujoco-ros2-nav-sim-G1-MuJoCo-ROS2-/install/unitree_sdk2 LD_LIBRARY_PATH=/home/simonzhang/g1-mujoco-ros2-nav-sim-G1-MuJoCo-ROS2-/install/unitree_sdk2/lib:${LD_LIBRARY_PATH} /usr/bin/cmake --build /home/simonzhang/g1-mujoco-ros2-nav-sim-G1-MuJoCo-ROS2-/build/unitree_mujoco -- -j24 -l24
[2.465s] DEBUG:colcon.colcon_core.event_handler.log_command:Invoked command in '/home/simonzhang/g1-mujoco-ros2-nav-sim-G1-MuJoCo-ROS2-/build/livox_ros_driver2' returned '1': CMAKE_PREFIX_PATH=/opt/ros/humble /usr/bin/cmake /home/simonzhang/g1-mujoco-ros2-nav-sim-G1-MuJoCo-ROS2-/src/livox_ros_driver2 -DPython3_EXECUTABLE=/usr/bin/python3 -DCMAKE_INSTALL_PREFIX=/home/simonzhang/g1-mujoco-ros2-nav-sim-G1-MuJoCo-ROS2-/install/livox_ros_driver2
[2.480s] Level 1:colcon.colcon_core.environment:create_environment_scripts_only(livox_ros_driver2)
[2.480s] Level 1:colcon.colcon_core.environment:checking '/home/simonzhang/g1-mujoco-ros2-nav-sim-G1-MuJoCo-ROS2-/install/livox_ros_driver2' for CMake module files
[2.480s] Level 1:colcon.colcon_core.environment:checking '/home/simonzhang/g1-mujoco-ros2-nav-sim-G1-MuJoCo-ROS2-/install/livox_ros_driver2' for CMake config files
[2.480s] Level 1:colcon.colcon_core.environment:checking '/home/simonzhang/g1-mujoco-ros2-nav-sim-G1-MuJoCo-ROS2-/install/livox_ros_driver2/bin'
[2.480s] Level 1:colcon.colcon_core.environment:checking '/home/simonzhang/g1-mujoco-ros2-nav-sim-G1-MuJoCo-ROS2-/install/livox_ros_driver2/lib/pkgconfig/livox_ros_driver2.pc'
[2.480s] Level 1:colcon.colcon_core.environment:checking '/home/simonzhang/g1-mujoco-ros2-nav-sim-G1-MuJoCo-ROS2-/install/livox_ros_driver2/lib/python3.10/site-packages'
[2.480s] Level 1:colcon.colcon_core.environment:checking '/home/simonzhang/g1-mujoco-ros2-nav-sim-G1-MuJoCo-ROS2-/install/livox_ros_driver2/bin'
[2.481s] INFO:colcon.colcon_core.shell:Creating package script '/home/simonzhang/g1-mujoco-ros2-nav-sim-G1-MuJoCo-ROS2-/install/livox_ros_driver2/share/livox_ros_driver2/package.ps1'
[2.481s] INFO:colcon.colcon_core.shell:Creating package descriptor '/home/simonzhang/g1-mujoco-ros2-nav-sim-G1-MuJoCo-ROS2-/install/livox_ros_driver2/share/livox_ros_driver2/package.dsv'
[2.481s] INFO:colcon.colcon_core.shell:Creating package script '/home/simonzhang/g1-mujoco-ros2-nav-sim-G1-MuJoCo-ROS2-/install/livox_ros_driver2/share/livox_ros_driver2/package.sh'
[2.481s] INFO:colcon.colcon_core.shell:Creating package script '/home/simonzhang/g1-mujoco-ros2-nav-sim-G1-MuJoCo-ROS2-/install/livox_ros_driver2/share/livox_ros_driver2/package.bash'
[2.481s] INFO:colcon.colcon_core.shell:Creating package script '/home/simonzhang/g1-mujoco-ros2-nav-sim-G1-MuJoCo-ROS2-/install/livox_ros_driver2/share/livox_ros_driver2/package.zsh'
[2.481s] Level 1:colcon.colcon_core.environment:create_file_with_runtime_dependencies(/home/simonzhang/g1-mujoco-ros2-nav-sim-G1-MuJoCo-ROS2-/install/livox_ros_driver2/share/colcon-core/packages/livox_ros_driver2)
[13.603s] DEBUG:colcon.colcon_parallel_executor.executor.parallel:closing loop
[13.603s] DEBUG:colcon.colcon_parallel_executor.executor.parallel:loop closed
[13.603s] DEBUG:colcon.colcon_parallel_executor.executor.parallel:run_until_complete finished with '1'
[13.603s] DEBUG:colcon.colcon_core.event_reactor:joining thread
[13.606s] INFO:colcon.colcon_core.plugin_system:Skipping extension 'colcon_notification.desktop_notification.terminal_notifier': Not used on non-Darwin systems
[13.606s] INFO:colcon.colcon_core.plugin_system:Skipping extension 'colcon_notification.desktop_notification.win32': Not used on non-Windows systems
[13.606s] INFO:colcon.colcon_notification.desktop_notification:Sending desktop notification using 'notify2'
[13.613s] DEBUG:colcon.colcon_core.event_reactor:joined thread
[13.613s] INFO:colcon.colcon_core.shell:Creating prefix script '/home/simonzhang/g1-mujoco-ros2-nav-sim-G1-MuJoCo-ROS2-/install/local_setup.ps1'
[13.614s] INFO:colcon.colcon_core.shell:Creating prefix util module '/home/simonzhang/g1-mujoco-ros2-nav-sim-G1-MuJoCo-ROS2-/install/_local_setup_util_ps1.py'
[13.614s] INFO:colcon.colcon_core.shell:Creating prefix chain script '/home/simonzhang/g1-mujoco-ros2-nav-sim-G1-MuJoCo-ROS2-/install/setup.ps1'
[13.614s] INFO:colcon.colcon_core.shell:Creating prefix script '/home/simonzhang/g1-mujoco-ros2-nav-sim-G1-MuJoCo-ROS2-/install/local_setup.sh'
[13.615s] INFO:colcon.colcon_core.shell:Creating prefix util module '/home/simonzhang/g1-mujoco-ros2-nav-sim-G1-MuJoCo-ROS2-/install/_local_setup_util_sh.py'
[13.615s] INFO:colcon.colcon_core.shell:Creating prefix chain script '/home/simonzhang/g1-mujoco-ros2-nav-sim-G1-MuJoCo-ROS2-/install/setup.sh'
[13.615s] INFO:colcon.colcon_core.shell:Creating prefix script '/home/simonzhang/g1-mujoco-ros2-nav-sim-G1-MuJoCo-ROS2-/install/local_setup.bash'
[13.615s] INFO:colcon.colcon_core.shell:Creating prefix chain script '/home/simonzhang/g1-mujoco-ros2-nav-sim-G1-MuJoCo-ROS2-/install/setup.bash'
[13.616s] INFO:colcon.colcon_core.shell:Creating prefix script '/home/simonzhang/g1-mujoco-ros2-nav-sim-G1-MuJoCo-ROS2-/install/local_setup.zsh'
[13.616s] INFO:colcon.colcon_core.shell:Creating prefix chain script '/home/simonzhang/g1-mujoco-ros2-nav-sim-G1-MuJoCo-ROS2-/install/setup.zsh'
