[0.018s] Invoking command in '/home/simonzhang/g1-mujoco-ros2-nav-sim-G1-MuJoCo-ROS2-/build/unitree_go': CMAKE_PREFIX_PATH=/opt/ros/humble /usr/bin/cmake /home/simonzhang/g1-mujoco-ros2-nav-sim-G1-MuJoCo-ROS2-/src/unitree_ros2/cyclonedds_ws/src/unitree/unitree_go -DPython3_EXECUTABLE=/usr/bin/python3 -DCMAKE_INSTALL_PREFIX=/home/simonzhang/g1-mujoco-ros2-nav-sim-G1-MuJoCo-ROS2-/install/unitree_go
[0.240s] -- Found ament_cmake: 1.3.14 (/opt/ros/humble/share/ament_cmake/cmake)
[0.240s] -- Found geometry_msgs: 4.9.1 (/opt/ros/humble/share/geometry_msgs/cmake)
[0.240s] -- Found rosidl_generator_c: 3.1.8 (/opt/ros/humble/share/rosidl_generator_c/cmake)
[0.241s] -- Found rosidl_adapter: 3.1.8 (/opt/ros/humble/share/rosidl_adapter/cmake)
[0.241s] -- Found rosidl_generator_cpp: 3.1.8 (/opt/ros/humble/share/rosidl_generator_cpp/cmake)
[0.241s] -- Using all available rosidl_typesupport_c: rosidl_typesupport_fastrtps_c;rosidl_typesupport_introspection_c
[0.241s] -- Using all available rosidl_typesupport_cpp: rosidl_typesupport_fastrtps_cpp;rosidl_typesupport_introspection_cpp
[0.241s] -- Found rosidl_default_generators: 1.2.1 (/opt/ros/humble/share/rosidl_default_generators/cmake)
[0.241s] -- Found rosidl_generator_dds_idl: 0.8.1 (/opt/ros/humble/share/rosidl_generator_dds_idl/cmake)
[0.341s] -- Found ament_cmake_ros: 0.10.0 (/opt/ros/humble/share/ament_cmake_ros/cmake)
[0.552s] -- Using all available rosidl_typesupport_c: rosidl_typesupport_fastrtps_c;rosidl_typesupport_introspection_c
[0.629s] -- Using all available rosidl_typesupport_cpp: rosidl_typesupport_fastrtps_cpp;rosidl_typesupport_introspection_cpp
[0.642s] -- Found python_cmake_module: 0.10.0 (/opt/ros/humble/share/python_cmake_module/cmake)
[0.653s] -- Using PYTHON_EXECUTABLE: /usr/bin/python3
[0.653s] -- Using PYTHON_INCLUDE_DIRS: /usr/include/python3.10
[0.653s] -- Using PYTHON_LIBRARIES: /usr/lib/x86_64-linux-gnu/libpython3.10.so
[0.724s] -- Found ament_lint_auto: 0.12.15 (/opt/ros/humble/share/ament_lint_auto/cmake)
[0.728s] -- Added test 'copyright' to check source files copyright and LICENSE
[0.728s] -- Added test 'lint_cmake' to check CMake code style
[0.729s] -- Added test 'xmllint' to check XML markup files
[0.729s] -- Configuring done
[0.764s] -- Generating done
[0.773s] -- Build files have been written to: /home/simonzhang/g1-mujoco-ros2-nav-sim-G1-MuJoCo-ROS2-/build/unitree_go
[0.783s] Invoked command in '/home/simonzhang/g1-mujoco-ros2-nav-sim-G1-MuJoCo-ROS2-/build/unitree_go' returned '0': CMAKE_PREFIX_PATH=/opt/ros/humble /usr/bin/cmake /home/simonzhang/g1-mujoco-ros2-nav-sim-G1-MuJoCo-ROS2-/src/unitree_ros2/cyclonedds_ws/src/unitree/unitree_go -DPython3_EXECUTABLE=/usr/bin/python3 -DCMAKE_INSTALL_PREFIX=/home/simonzhang/g1-mujoco-ros2-nav-sim-G1-MuJoCo-ROS2-/install/unitree_go
[0.783s] Invoking command in '/home/simonzhang/g1-mujoco-ros2-nav-sim-G1-MuJoCo-ROS2-/build/unitree_go': CMAKE_PREFIX_PATH=/opt/ros/humble /usr/bin/cmake --build /home/simonzhang/g1-mujoco-ros2-nav-sim-G1-MuJoCo-ROS2-/build/unitree_go -- -j24 -l24
[0.809s] [35m[1mConsolidate compiler generated dependencies of target unitree_go__rosidl_generator_c[0m
[0.816s] [  1%] Built target unitree_go__dds_connext_idl
[0.816s] [  1%] Built target unitree_go__rs
[0.816s] [  1%] Built target unitree_go__cpp
[0.818s] [ 13%] Built target unitree_go__rosidl_generator_c
[0.821s] [ 13%] Built target ament_cmake_python_copy_unitree_go
[0.822s] [35m[1mConsolidate compiler generated dependencies of target unitree_go__rosidl_typesupport_cpp[0m
[0.823s] [35m[1mConsolidate compiler generated dependencies of target unitree_go__rosidl_typesupport_fastrtps_cpp[0m
[0.823s] [35m[1mConsolidate compiler generated dependencies of target unitree_go__rosidl_typesupport_introspection_cpp[0m
[0.825s] [35m[1mConsolidate compiler generated dependencies of target unitree_go__rosidl_typesupport_c[0m
[0.825s] [35m[1mConsolidate compiler generated dependencies of target unitree_go__rosidl_typesupport_introspection_c[0m
[0.827s] [35m[1mConsolidate compiler generated dependencies of target unitree_go__rosidl_typesupport_fastrtps_c[0m
[0.833s] [ 25%] Built target unitree_go__rosidl_typesupport_c
[0.837s] [ 37%] Built target unitree_go__rosidl_typesupport_fastrtps_cpp
[0.837s] [ 59%] Built target unitree_go__rosidl_typesupport_introspection_c
[0.838s] [ 61%] Built target unitree_go__rosidl_typesupport_introspection_cpp
[0.839s] [ 73%] Built target unitree_go__rosidl_typesupport_cpp
[0.842s] [ 85%] Built target unitree_go__rosidl_typesupport_fastrtps_c
[0.853s] [ 85%] Built target unitree_go
[0.866s] [ 86%] Built target unitree_go__py
[0.873s] [35m[1mConsolidate compiler generated dependencies of target unitree_go__rosidl_generator_py[0m
[0.886s] [ 97%] Built target unitree_go__rosidl_generator_py
[0.892s] [35m[1mConsolidate compiler generated dependencies of target unitree_go__rosidl_typesupport_fastrtps_c__pyext[0m
[0.892s] [35m[1mConsolidate compiler generated dependencies of target unitree_go__rosidl_typesupport_introspection_c__pyext[0m
[0.892s] [35m[1mConsolidate compiler generated dependencies of target unitree_go__rosidl_typesupport_c__pyext[0m
[0.904s] [100%] Built target unitree_go__rosidl_typesupport_c__pyext
[0.904s] [100%] Built target unitree_go__rosidl_typesupport_introspection_c__pyext
[0.904s] [100%] Built target unitree_go__rosidl_typesupport_fastrtps_c__pyext
[0.922s] running egg_info
[0.922s] writing unitree_go.egg-info/PKG-INFO
[0.922s] writing dependency_links to unitree_go.egg-info/dependency_links.txt
[0.922s] writing top-level names to unitree_go.egg-info/top_level.txt
[0.923s] reading manifest file 'unitree_go.egg-info/SOURCES.txt'
[0.923s] writing manifest file 'unitree_go.egg-info/SOURCES.txt'
[0.937s] [100%] Built target ament_cmake_python_build_unitree_go_egg
[0.946s] Invoked command in '/home/simonzhang/g1-mujoco-ros2-nav-sim-G1-MuJoCo-ROS2-/build/unitree_go' returned '0': CMAKE_PREFIX_PATH=/opt/ros/humble /usr/bin/cmake --build /home/simonzhang/g1-mujoco-ros2-nav-sim-G1-MuJoCo-ROS2-/build/unitree_go -- -j24 -l24
[0.950s] Invoking command in '/home/simonzhang/g1-mujoco-ros2-nav-sim-G1-MuJoCo-ROS2-/build/unitree_go': CMAKE_PREFIX_PATH=/opt/ros/humble /usr/bin/cmake --install /home/simonzhang/g1-mujoco-ros2-nav-sim-G1-MuJoCo-ROS2-/build/unitree_go
[0.951s] -- Install configuration: ""
[0.951s] -- Up-to-date: /home/simonzhang/g1-mujoco-ros2-nav-sim-G1-MuJoCo-ROS2-/install/unitree_go/share/ament_index/resource_index/rosidl_interfaces/unitree_go
[0.951s] -- Up-to-date: /home/simonzhang/g1-mujoco-ros2-nav-sim-G1-MuJoCo-ROS2-/install/unitree_go/include/unitree_go/unitree_go
[0.951s] -- Up-to-date: /home/simonzhang/g1-mujoco-ros2-nav-sim-G1-MuJoCo-ROS2-/install/unitree_go/include/unitree_go/unitree_go/msg
[0.951s] -- Up-to-date: /home/simonzhang/g1-mujoco-ros2-nav-sim-G1-MuJoCo-ROS2-/install/unitree_go/include/unitree_go/unitree_go/msg/uwb_switch.h
[0.951s] -- Up-to-date: /home/simonzhang/g1-mujoco-ros2-nav-sim-G1-MuJoCo-ROS2-/install/unitree_go/include/unitree_go/unitree_go/msg/low_cmd.h
[0.951s] -- Up-to-date: /home/simonzhang/g1-mujoco-ros2-nav-sim-G1-MuJoCo-ROS2-/install/unitree_go/include/unitree_go/unitree_go/msg/req.h
[0.951s] -- Up-to-date: /home/simonzhang/g1-mujoco-ros2-nav-sim-G1-MuJoCo-ROS2-/install/unitree_go/include/unitree_go/unitree_go/msg/sport_mode_state.h
[0.951s] -- Up-to-date: /home/simonzhang/g1-mujoco-ros2-nav-sim-G1-MuJoCo-ROS2-/install/unitree_go/include/unitree_go/unitree_go/msg/res.h
[0.951s] -- Up-to-date: /home/simonzhang/g1-mujoco-ros2-nav-sim-G1-MuJoCo-ROS2-/install/unitree_go/include/unitree_go/unitree_go/msg/rosidl_generator_c__visibility_control.h
[0.951s] -- Up-to-date: /home/simonzhang/g1-mujoco-ros2-nav-sim-G1-MuJoCo-ROS2-/install/unitree_go/include/unitree_go/unitree_go/msg/motor_state.h
[0.951s] -- Up-to-date: /home/simonzhang/g1-mujoco-ros2-nav-sim-G1-MuJoCo-ROS2-/install/unitree_go/include/unitree_go/unitree_go/msg/wireless_controller.h
[0.951s] -- Up-to-date: /home/simonzhang/g1-mujoco-ros2-nav-sim-G1-MuJoCo-ROS2-/install/unitree_go/include/unitree_go/unitree_go/msg/error.h
[0.951s] -- Up-to-date: /home/simonzhang/g1-mujoco-ros2-nav-sim-G1-MuJoCo-ROS2-/install/unitree_go/include/unitree_go/unitree_go/msg/audio_data.h
[0.951s] -- Up-to-date: /home/simonzhang/g1-mujoco-ros2-nav-sim-G1-MuJoCo-ROS2-/install/unitree_go/include/unitree_go/unitree_go/msg/low_state.h
[0.951s] -- Up-to-date: /home/simonzhang/g1-mujoco-ros2-nav-sim-G1-MuJoCo-ROS2-/install/unitree_go/include/unitree_go/unitree_go/msg/detail
[0.951s] -- Up-to-date: /home/simonzhang/g1-mujoco-ros2-nav-sim-G1-MuJoCo-ROS2-/install/unitree_go/include/unitree_go/unitree_go/msg/detail/go2_front_video_data__type_support.h
[0.951s] -- Up-to-date: /home/simonzhang/g1-mujoco-ros2-nav-sim-G1-MuJoCo-ROS2-/install/unitree_go/include/unitree_go/unitree_go/msg/detail/low_state__type_support.h
[0.951s] -- Up-to-date: /home/simonzhang/g1-mujoco-ros2-nav-sim-G1-MuJoCo-ROS2-/install/unitree_go/include/unitree_go/unitree_go/msg/detail/motor_cmds__functions.c
[0.951s] -- Up-to-date: /home/simonzhang/g1-mujoco-ros2-nav-sim-G1-MuJoCo-ROS2-/install/unitree_go/include/unitree_go/unitree_go/msg/detail/bms_cmd__functions.c
[0.951s] -- Up-to-date: /home/simonzhang/g1-mujoco-ros2-nav-sim-G1-MuJoCo-ROS2-/install/unitree_go/include/unitree_go/unitree_go/msg/detail/res__struct.h
[0.951s] -- Up-to-date: /home/simonzhang/g1-mujoco-ros2-nav-sim-G1-MuJoCo-ROS2-/install/unitree_go/include/unitree_go/unitree_go/msg/detail/time_spec__functions.h
[0.951s] -- Up-to-date: /home/simonzhang/g1-mujoco-ros2-nav-sim-G1-MuJoCo-ROS2-/install/unitree_go/include/unitree_go/unitree_go/msg/detail/bms_state__functions.h
[0.951s] -- Up-to-date: /home/simonzhang/g1-mujoco-ros2-nav-sim-G1-MuJoCo-ROS2-/install/unitree_go/include/unitree_go/unitree_go/msg/detail/imu_state__functions.h
[0.951s] -- Up-to-date: /home/simonzhang/g1-mujoco-ros2-nav-sim-G1-MuJoCo-ROS2-/install/unitree_go/include/unitree_go/unitree_go/msg/detail/interface_config__type_support.h
[0.951s] -- Up-to-date: /home/simonzhang/g1-mujoco-ros2-nav-sim-G1-MuJoCo-ROS2-/install/unitree_go/include/unitree_go/unitree_go/msg/detail/path_point__struct.h
[0.951s] -- Up-to-date: /home/simonzhang/g1-mujoco-ros2-nav-sim-G1-MuJoCo-ROS2-/install/unitree_go/include/unitree_go/unitree_go/msg/detail/motor_cmd__functions.h
[0.951s] -- Up-to-date: /home/simonzhang/g1-mujoco-ros2-nav-sim-G1-MuJoCo-ROS2-/install/unitree_go/include/unitree_go/unitree_go/msg/detail/low_cmd__functions.c
[0.952s] -- Up-to-date: /home/simonzhang/g1-mujoco-ros2-nav-sim-G1-MuJoCo-ROS2-/install/unitree_go/include/unitree_go/unitree_go/msg/detail/sport_mode_cmd__type_support.h
[0.952s] -- Up-to-date: /home/simonzhang/g1-mujoco-ros2-nav-sim-G1-MuJoCo-ROS2-/install/unitree_go/include/unitree_go/unitree_go/msg/detail/height_map__type_support.h
[0.952s] -- Up-to-date: /home/simonzhang/g1-mujoco-ros2-nav-sim-G1-MuJoCo-ROS2-/install/unitree_go/include/unitree_go/unitree_go/msg/detail/motor_cmd__functions.c
[0.952s] -- Up-to-date: /home/simonzhang/g1-mujoco-ros2-nav-sim-G1-MuJoCo-ROS2-/install/unitree_go/include/unitree_go/unitree_go/msg/detail/low_state__functions.h
[0.952s] -- Up-to-date: /home/simonzhang/g1-mujoco-ros2-nav-sim-G1-MuJoCo-ROS2-/install/unitree_go/include/unitree_go/unitree_go/msg/detail/lidar_state__functions.h
[0.952s] -- Up-to-date: /home/simonzhang/g1-mujoco-ros2-nav-sim-G1-MuJoCo-ROS2-/install/unitree_go/include/unitree_go/unitree_go/msg/detail/motor_cmds__type_support.h
[0.952s] -- Up-to-date: /home/simonzhang/g1-mujoco-ros2-nav-sim-G1-MuJoCo-ROS2-/install/unitree_go/include/unitree_go/unitree_go/msg/detail/path_point__functions.h
[0.952s] -- Up-to-date: /home/simonzhang/g1-mujoco-ros2-nav-sim-G1-MuJoCo-ROS2-/install/unitree_go/include/unitree_go/unitree_go/msg/detail/audio_data__functions.h
[0.952s] -- Up-to-date: /home/simonzhang/g1-mujoco-ros2-nav-sim-G1-MuJoCo-ROS2-/install/unitree_go/include/unitree_go/unitree_go/msg/detail/bms_cmd__functions.h
[0.952s] -- Up-to-date: /home/simonzhang/g1-mujoco-ros2-nav-sim-G1-MuJoCo-ROS2-/install/unitree_go/include/unitree_go/unitree_go/msg/detail/go2_front_video_data__functions.h
[0.952s] -- Up-to-date: /home/simonzhang/g1-mujoco-ros2-nav-sim-G1-MuJoCo-ROS2-/install/unitree_go/include/unitree_go/unitree_go/msg/detail/bms_state__type_support.h
[0.952s] -- Up-to-date: /home/simonzhang/g1-mujoco-ros2-nav-sim-G1-MuJoCo-ROS2-/install/unitree_go/include/unitree_go/unitree_go/msg/detail/error__functions.h
[0.952s] -- Up-to-date: /home/simonzhang/g1-mujoco-ros2-nav-sim-G1-MuJoCo-ROS2-/install/unitree_go/include/unitree_go/unitree_go/msg/detail/height_map__functions.h
[0.952s] -- Up-to-date: /home/simonzhang/g1-mujoco-ros2-nav-sim-G1-MuJoCo-ROS2-/install/unitree_go/include/unitree_go/unitree_go/msg/detail/motor_state__functions.h
[0.952s] -- Up-to-date: /home/simonzhang/g1-mujoco-ros2-nav-sim-G1-MuJoCo-ROS2-/install/unitree_go/include/unitree_go/unitree_go/msg/detail/req__type_support.h
[0.952s] -- Up-to-date: /home/simonzhang/g1-mujoco-ros2-nav-sim-G1-MuJoCo-ROS2-/install/unitree_go/include/unitree_go/unitree_go/msg/detail/path_point__type_support.h
[0.952s] -- Up-to-date: /home/simonzhang/g1-mujoco-ros2-nav-sim-G1-MuJoCo-ROS2-/install/unitree_go/include/unitree_go/unitree_go/msg/detail/uwb_switch__type_support.h
[0.952s] -- Up-to-date: /home/simonzhang/g1-mujoco-ros2-nav-sim-G1-MuJoCo-ROS2-/install/unitree_go/include/unitree_go/unitree_go/msg/detail/sport_mode_state__struct.h
[0.952s] -- Up-to-date: /home/simonzhang/g1-mujoco-ros2-nav-sim-G1-MuJoCo-ROS2-/install/unitree_go/include/unitree_go/unitree_go/msg/detail/bms_state__struct.h
[0.952s] -- Up-to-date: /home/simonzhang/g1-mujoco-ros2-nav-sim-G1-MuJoCo-ROS2-/install/unitree_go/include/unitree_go/unitree_go/msg/detail/low_cmd__type_support.h
[0.952s] -- Up-to-date: /home/simonzhang/g1-mujoco-ros2-nav-sim-G1-MuJoCo-ROS2-/install/unitree_go/include/unitree_go/unitree_go/msg/detail/res__functions.h
[0.952s] -- Up-to-date: /home/simonzhang/g1-mujoco-ros2-nav-sim-G1-MuJoCo-ROS2-/install/unitree_go/include/unitree_go/unitree_go/msg/detail/bms_cmd__struct.h
[0.952s] -- Up-to-date: /home/simonzhang/g1-mujoco-ros2-nav-sim-G1-MuJoCo-ROS2-/install/unitree_go/include/unitree_go/unitree_go/msg/detail/error__type_support.h
[0.952s] -- Up-to-date: /home/simonzhang/g1-mujoco-ros2-nav-sim-G1-MuJoCo-ROS2-/install/unitree_go/include/unitree_go/unitree_go/msg/detail/interface_config__functions.h
[0.952s] -- Up-to-date: /home/simonzhang/g1-mujoco-ros2-nav-sim-G1-MuJoCo-ROS2-/install/unitree_go/include/unitree_go/unitree_go/msg/detail/low_state__struct.h
[0.952s] -- Up-to-date: /home/simonzhang/g1-mujoco-ros2-nav-sim-G1-MuJoCo-ROS2-/install/unitree_go/include/unitree_go/unitree_go/msg/detail/uwb_switch__struct.h
[0.952s] -- Up-to-date: /home/simonzhang/g1-mujoco-ros2-nav-sim-G1-MuJoCo-ROS2-/install/unitree_go/include/unitree_go/unitree_go/msg/detail/wireless_controller__type_support.h
[0.952s] -- Up-to-date: /home/simonzhang/g1-mujoco-ros2-nav-sim-G1-MuJoCo-ROS2-/install/unitree_go/include/unitree_go/unitree_go/msg/detail/sport_mode_state__functions.c
[0.952s] -- Up-to-date: /home/simonzhang/g1-mujoco-ros2-nav-sim-G1-MuJoCo-ROS2-/install/unitree_go/include/unitree_go/unitree_go/msg/detail/res__type_support.h
[0.952s] -- Up-to-date: /home/simonzhang/g1-mujoco-ros2-nav-sim-G1-MuJoCo-ROS2-/install/unitree_go/include/unitree_go/unitree_go/msg/detail/sport_mode_state__type_support.h
[0.952s] -- Up-to-date: /home/simonzhang/g1-mujoco-ros2-nav-sim-G1-MuJoCo-ROS2-/install/unitree_go/include/unitree_go/unitree_go/msg/detail/motor_states__struct.h
[0.952s] -- Up-to-date: /home/simonzhang/g1-mujoco-ros2-nav-sim-G1-MuJoCo-ROS2-/install/unitree_go/include/unitree_go/unitree_go/msg/detail/go2_front_video_data__struct.h
[0.952s] -- Up-to-date: /home/simonzhang/g1-mujoco-ros2-nav-sim-G1-MuJoCo-ROS2-/install/unitree_go/include/unitree_go/unitree_go/msg/detail/uwb_state__struct.h
[0.952s] -- Up-to-date: /home/simonzhang/g1-mujoco-ros2-nav-sim-G1-MuJoCo-ROS2-/install/unitree_go/include/unitree_go/unitree_go/msg/detail/sport_mode_cmd__struct.h
[0.952s] -- Up-to-date: /home/simonzhang/g1-mujoco-ros2-nav-sim-G1-MuJoCo-ROS2-/install/unitree_go/include/unitree_go/unitree_go/msg/detail/wireless_controller__struct.h
[0.952s] -- Up-to-date: /home/simonzhang/g1-mujoco-ros2-nav-sim-G1-MuJoCo-ROS2-/install/unitree_go/include/unitree_go/unitree_go/msg/detail/motor_state__struct.h
[0.953s] -- Up-to-date: /home/simonzhang/g1-mujoco-ros2-nav-sim-G1-MuJoCo-ROS2-/install/unitree_go/include/unitree_go/unitree_go/msg/detail/req__functions.h
[0.953s] -- Up-to-date: /home/simonzhang/g1-mujoco-ros2-nav-sim-G1-MuJoCo-ROS2-/install/unitree_go/include/unitree_go/unitree_go/msg/detail/path_point__functions.c
[0.953s] -- Up-to-date: /home/simonzhang/g1-mujoco-ros2-nav-sim-G1-MuJoCo-ROS2-/install/unitree_go/include/unitree_go/unitree_go/msg/detail/audio_data__functions.c
[0.953s] -- Up-to-date: /home/simonzhang/g1-mujoco-ros2-nav-sim-G1-MuJoCo-ROS2-/install/unitree_go/include/unitree_go/unitree_go/msg/detail/low_state__functions.c
[0.953s] -- Up-to-date: /home/simonzhang/g1-mujoco-ros2-nav-sim-G1-MuJoCo-ROS2-/install/unitree_go/include/unitree_go/unitree_go/msg/detail/lidar_state__type_support.h
[0.953s] -- Up-to-date: /home/simonzhang/g1-mujoco-ros2-nav-sim-G1-MuJoCo-ROS2-/install/unitree_go/include/unitree_go/unitree_go/msg/detail/motor_cmd__struct.h
[0.953s] -- Up-to-date: /home/simonzhang/g1-mujoco-ros2-nav-sim-G1-MuJoCo-ROS2-/install/unitree_go/include/unitree_go/unitree_go/msg/detail/sport_mode_state__functions.h
[0.953s] -- Up-to-date: /home/simonzhang/g1-mujoco-ros2-nav-sim-G1-MuJoCo-ROS2-/install/unitree_go/include/unitree_go/unitree_go/msg/detail/motor_states__functions.c
[0.953s] -- Up-to-date: /home/simonzhang/g1-mujoco-ros2-nav-sim-G1-MuJoCo-ROS2-/install/unitree_go/include/unitree_go/unitree_go/msg/detail/uwb_state__functions.c
[0.953s] -- Up-to-date: /home/simonzhang/g1-mujoco-ros2-nav-sim-G1-MuJoCo-ROS2-/install/unitree_go/include/unitree_go/unitree_go/msg/detail/uwb_state__functions.h
[0.953s] -- Up-to-date: /home/simonzhang/g1-mujoco-ros2-nav-sim-G1-MuJoCo-ROS2-/install/unitree_go/include/unitree_go/unitree_go/msg/detail/motor_cmd__type_support.h
[0.953s] -- Up-to-date: /home/simonzhang/g1-mujoco-ros2-nav-sim-G1-MuJoCo-ROS2-/install/unitree_go/include/unitree_go/unitree_go/msg/detail/motor_states__functions.h
[0.953s] -- Up-to-date: /home/simonzhang/g1-mujoco-ros2-nav-sim-G1-MuJoCo-ROS2-/install/unitree_go/include/unitree_go/unitree_go/msg/detail/sport_mode_cmd__functions.h
[0.953s] -- Up-to-date: /home/simonzhang/g1-mujoco-ros2-nav-sim-G1-MuJoCo-ROS2-/install/unitree_go/include/unitree_go/unitree_go/msg/detail/time_spec__struct.h
[0.953s] -- Up-to-date: /home/simonzhang/g1-mujoco-ros2-nav-sim-G1-MuJoCo-ROS2-/install/unitree_go/include/unitree_go/unitree_go/msg/detail/bms_state__functions.c
[0.953s] -- Up-to-date: /home/simonzhang/g1-mujoco-ros2-nav-sim-G1-MuJoCo-ROS2-/install/unitree_go/include/unitree_go/unitree_go/msg/detail/error__functions.c
[0.953s] -- Up-to-date: /home/simonzhang/g1-mujoco-ros2-nav-sim-G1-MuJoCo-ROS2-/install/unitree_go/include/unitree_go/unitree_go/msg/detail/sport_mode_cmd__functions.c
[0.953s] -- Up-to-date: /home/simonzhang/g1-mujoco-ros2-nav-sim-G1-MuJoCo-ROS2-/install/unitree_go/include/unitree_go/unitree_go/msg/detail/height_map__struct.h
[0.953s] -- Up-to-date: /home/simonzhang/g1-mujoco-ros2-nav-sim-G1-MuJoCo-ROS2-/install/unitree_go/include/unitree_go/unitree_go/msg/detail/uwb_state__type_support.h
[0.953s] -- Up-to-date: /home/simonzhang/g1-mujoco-ros2-nav-sim-G1-MuJoCo-ROS2-/install/unitree_go/include/unitree_go/unitree_go/msg/detail/wireless_controller__functions.c
[0.953s] -- Up-to-date: /home/simonzhang/g1-mujoco-ros2-nav-sim-G1-MuJoCo-ROS2-/install/unitree_go/include/unitree_go/unitree_go/msg/detail/interface_config__struct.h
[0.953s] -- Up-to-date: /home/simonzhang/g1-mujoco-ros2-nav-sim-G1-MuJoCo-ROS2-/install/unitree_go/include/unitree_go/unitree_go/msg/detail/req__struct.h
[0.953s] -- Up-to-date: /home/simonzhang/g1-mujoco-ros2-nav-sim-G1-MuJoCo-ROS2-/install/unitree_go/include/unitree_go/unitree_go/msg/detail/motor_state__type_support.h
[0.953s] -- Up-to-date: /home/simonzhang/g1-mujoco-ros2-nav-sim-G1-MuJoCo-ROS2-/install/unitree_go/include/unitree_go/unitree_go/msg/detail/height_map__functions.c
[0.953s] -- Up-to-date: /home/simonzhang/g1-mujoco-ros2-nav-sim-G1-MuJoCo-ROS2-/install/unitree_go/include/unitree_go/unitree_go/msg/detail/go2_front_video_data__functions.c
[0.953s] -- Up-to-date: /home/simonzhang/g1-mujoco-ros2-nav-sim-G1-MuJoCo-ROS2-/install/unitree_go/include/unitree_go/unitree_go/msg/detail/time_spec__functions.c
[0.953s] -- Up-to-date: /home/simonzhang/g1-mujoco-ros2-nav-sim-G1-MuJoCo-ROS2-/install/unitree_go/include/unitree_go/unitree_go/msg/detail/lidar_state__functions.c
[0.953s] -- Up-to-date: /home/simonzhang/g1-mujoco-ros2-nav-sim-G1-MuJoCo-ROS2-/install/unitree_go/include/unitree_go/unitree_go/msg/detail/motor_states__type_support.h
[0.953s] -- Up-to-date: /home/simonzhang/g1-mujoco-ros2-nav-sim-G1-MuJoCo-ROS2-/install/unitree_go/include/unitree_go/unitree_go/msg/detail/res__functions.c
[0.953s] -- Up-to-date: /home/simonzhang/g1-mujoco-ros2-nav-sim-G1-MuJoCo-ROS2-/install/unitree_go/include/unitree_go/unitree_go/msg/detail/error__struct.h
[0.954s] -- Up-to-date: /home/simonzhang/g1-mujoco-ros2-nav-sim-G1-MuJoCo-ROS2-/install/unitree_go/include/unitree_go/unitree_go/msg/detail/uwb_switch__functions.h
[0.954s] -- Up-to-date: /home/simonzhang/g1-mujoco-ros2-nav-sim-G1-MuJoCo-ROS2-/install/unitree_go/include/unitree_go/unitree_go/msg/detail/lidar_state__struct.h
[0.954s] -- Up-to-date: /home/simonzhang/g1-mujoco-ros2-nav-sim-G1-MuJoCo-ROS2-/install/unitree_go/include/unitree_go/unitree_go/msg/detail/uwb_switch__functions.c
[0.954s] -- Up-to-date: /home/simonzhang/g1-mujoco-ros2-nav-sim-G1-MuJoCo-ROS2-/install/unitree_go/include/unitree_go/unitree_go/msg/detail/bms_cmd__type_support.h
[0.954s] -- Up-to-date: /home/simonzhang/g1-mujoco-ros2-nav-sim-G1-MuJoCo-ROS2-/install/unitree_go/include/unitree_go/unitree_go/msg/detail/req__functions.c
[0.954s] -- Up-to-date: /home/simonzhang/g1-mujoco-ros2-nav-sim-G1-MuJoCo-ROS2-/install/unitree_go/include/unitree_go/unitree_go/msg/detail/audio_data__type_support.h
[0.954s] -- Up-to-date: /home/simonzhang/g1-mujoco-ros2-nav-sim-G1-MuJoCo-ROS2-/install/unitree_go/include/unitree_go/unitree_go/msg/detail/imu_state__struct.h
[0.954s] -- Up-to-date: /home/simonzhang/g1-mujoco-ros2-nav-sim-G1-MuJoCo-ROS2-/install/unitree_go/include/unitree_go/unitree_go/msg/detail/motor_cmds__functions.h
[0.954s] -- Up-to-date: /home/simonzhang/g1-mujoco-ros2-nav-sim-G1-MuJoCo-ROS2-/install/unitree_go/include/unitree_go/unitree_go/msg/detail/interface_config__functions.c
[0.954s] -- Up-to-date: /home/simonzhang/g1-mujoco-ros2-nav-sim-G1-MuJoCo-ROS2-/install/unitree_go/include/unitree_go/unitree_go/msg/detail/imu_state__functions.c
[0.954s] -- Up-to-date: /home/simonzhang/g1-mujoco-ros2-nav-sim-G1-MuJoCo-ROS2-/install/unitree_go/include/unitree_go/unitree_go/msg/detail/motor_state__functions.c
[0.954s] -- Up-to-date: /home/simonzhang/g1-mujoco-ros2-nav-sim-G1-MuJoCo-ROS2-/install/unitree_go/include/unitree_go/unitree_go/msg/detail/low_cmd__struct.h
[0.954s] -- Up-to-date: /home/simonzhang/g1-mujoco-ros2-nav-sim-G1-MuJoCo-ROS2-/install/unitree_go/include/unitree_go/unitree_go/msg/detail/time_spec__type_support.h
[0.954s] -- Up-to-date: /home/simonzhang/g1-mujoco-ros2-nav-sim-G1-MuJoCo-ROS2-/install/unitree_go/include/unitree_go/unitree_go/msg/detail/wireless_controller__functions.h
[0.954s] -- Up-to-date: /home/simonzhang/g1-mujoco-ros2-nav-sim-G1-MuJoCo-ROS2-/install/unitree_go/include/unitree_go/unitree_go/msg/detail/audio_data__struct.h
[0.954s] -- Up-to-date: /home/simonzhang/g1-mujoco-ros2-nav-sim-G1-MuJoCo-ROS2-/install/unitree_go/include/unitree_go/unitree_go/msg/detail/imu_state__type_support.h
[0.954s] -- Up-to-date: /home/simonzhang/g1-mujoco-ros2-nav-sim-G1-MuJoCo-ROS2-/install/unitree_go/include/unitree_go/unitree_go/msg/detail/motor_cmds__struct.h
[0.954s] -- Up-to-date: /home/simonzhang/g1-mujoco-ros2-nav-sim-G1-MuJoCo-ROS2-/install/unitree_go/include/unitree_go/unitree_go/msg/detail/low_cmd__functions.h
[0.954s] -- Up-to-date: /home/simonzhang/g1-mujoco-ros2-nav-sim-G1-MuJoCo-ROS2-/install/unitree_go/include/unitree_go/unitree_go/msg/go2_front_video_data.h
[0.954s] -- Up-to-date: /home/simonzhang/g1-mujoco-ros2-nav-sim-G1-MuJoCo-ROS2-/install/unitree_go/include/unitree_go/unitree_go/msg/sport_mode_cmd.h
[0.954s] -- Up-to-date: /home/simonzhang/g1-mujoco-ros2-nav-sim-G1-MuJoCo-ROS2-/install/unitree_go/include/unitree_go/unitree_go/msg/lidar_state.h
[0.954s] -- Up-to-date: /home/simonzhang/g1-mujoco-ros2-nav-sim-G1-MuJoCo-ROS2-/install/unitree_go/include/unitree_go/unitree_go/msg/uwb_state.h
[0.954s] -- Up-to-date: /home/simonzhang/g1-mujoco-ros2-nav-sim-G1-MuJoCo-ROS2-/install/unitree_go/include/unitree_go/unitree_go/msg/height_map.h
[0.954s] -- Up-to-date: /home/simonzhang/g1-mujoco-ros2-nav-sim-G1-MuJoCo-ROS2-/install/unitree_go/include/unitree_go/unitree_go/msg/bms_state.h
[0.954s] -- Up-to-date: /home/simonzhang/g1-mujoco-ros2-nav-sim-G1-MuJoCo-ROS2-/install/unitree_go/include/unitree_go/unitree_go/msg/time_spec.h
[0.954s] -- Up-to-date: /home/simonzhang/g1-mujoco-ros2-nav-sim-G1-MuJoCo-ROS2-/install/unitree_go/include/unitree_go/unitree_go/msg/path_point.h
[0.954s] -- Up-to-date: /home/simonzhang/g1-mujoco-ros2-nav-sim-G1-MuJoCo-ROS2-/install/unitree_go/include/unitree_go/unitree_go/msg/motor_states.h
[0.954s] -- Up-to-date: /home/simonzhang/g1-mujoco-ros2-nav-sim-G1-MuJoCo-ROS2-/install/unitree_go/include/unitree_go/unitree_go/msg/bms_cmd.h
[0.954s] -- Up-to-date: /home/simonzhang/g1-mujoco-ros2-nav-sim-G1-MuJoCo-ROS2-/install/unitree_go/include/unitree_go/unitree_go/msg/imu_state.h
[0.954s] -- Up-to-date: /home/simonzhang/g1-mujoco-ros2-nav-sim-G1-MuJoCo-ROS2-/install/unitree_go/include/unitree_go/unitree_go/msg/motor_cmds.h
[0.954s] -- Up-to-date: /home/simonzhang/g1-mujoco-ros2-nav-sim-G1-MuJoCo-ROS2-/install/unitree_go/include/unitree_go/unitree_go/msg/interface_config.h
[0.954s] -- Up-to-date: /home/simonzhang/g1-mujoco-ros2-nav-sim-G1-MuJoCo-ROS2-/install/unitree_go/include/unitree_go/unitree_go/msg/motor_cmd.h
[0.954s] -- Up-to-date: /home/simonzhang/g1-mujoco-ros2-nav-sim-G1-MuJoCo-ROS2-/install/unitree_go/share/unitree_go/environment/library_path.sh
[0.954s] -- Installing: /home/simonzhang/g1-mujoco-ros2-nav-sim-G1-MuJoCo-ROS2-/install/unitree_go/share/unitree_go/environment/library_path.dsv
[0.954s] -- Up-to-date: /home/simonzhang/g1-mujoco-ros2-nav-sim-G1-MuJoCo-ROS2-/install/unitree_go/lib/libunitree_go__rosidl_generator_c.so
[0.954s] -- Up-to-date: /home/simonzhang/g1-mujoco-ros2-nav-sim-G1-MuJoCo-ROS2-/install/unitree_go/include/unitree_go/unitree_go
[0.954s] -- Up-to-date: /home/simonzhang/g1-mujoco-ros2-nav-sim-G1-MuJoCo-ROS2-/install/unitree_go/include/unitree_go/unitree_go/msg
[0.954s] -- Up-to-date: /home/simonzhang/g1-mujoco-ros2-nav-sim-G1-MuJoCo-ROS2-/install/unitree_go/include/unitree_go/unitree_go/msg/rosidl_typesupport_fastrtps_c__visibility_control.h
[0.954s] -- Up-to-date: /home/simonzhang/g1-mujoco-ros2-nav-sim-G1-MuJoCo-ROS2-/install/unitree_go/include/unitree_go/unitree_go/msg/detail
[0.954s] -- Up-to-date: /home/simonzhang/g1-mujoco-ros2-nav-sim-G1-MuJoCo-ROS2-/install/unitree_go/include/unitree_go/unitree_go/msg/detail/go2_front_video_data__rosidl_typesupport_fastrtps_c.h
[0.954s] -- Up-to-date: /home/simonzhang/g1-mujoco-ros2-nav-sim-G1-MuJoCo-ROS2-/install/unitree_go/include/unitree_go/unitree_go/msg/detail/motor_state__rosidl_typesupport_fastrtps_c.h
[0.954s] -- Up-to-date: /home/simonzhang/g1-mujoco-ros2-nav-sim-G1-MuJoCo-ROS2-/install/unitree_go/include/unitree_go/unitree_go/msg/detail/wireless_controller__rosidl_typesupport_fastrtps_c.h
[0.954s] -- Up-to-date: /home/simonzhang/g1-mujoco-ros2-nav-sim-G1-MuJoCo-ROS2-/install/unitree_go/include/unitree_go/unitree_go/msg/detail/motor_states__rosidl_typesupport_fastrtps_c.h
[0.954s] -- Up-to-date: /home/simonzhang/g1-mujoco-ros2-nav-sim-G1-MuJoCo-ROS2-/install/unitree_go/include/unitree_go/unitree_go/msg/detail/bms_cmd__rosidl_typesupport_fastrtps_c.h
[0.954s] -- Up-to-date: /home/simonzhang/g1-mujoco-ros2-nav-sim-G1-MuJoCo-ROS2-/install/unitree_go/include/unitree_go/unitree_go/msg/detail/lidar_state__rosidl_typesupport_fastrtps_c.h
[0.954s] -- Up-to-date: /home/simonzhang/g1-mujoco-ros2-nav-sim-G1-MuJoCo-ROS2-/install/unitree_go/include/unitree_go/unitree_go/msg/detail/uwb_state__rosidl_typesupport_fastrtps_c.h
[0.954s] -- Up-to-date: /home/simonzhang/g1-mujoco-ros2-nav-sim-G1-MuJoCo-ROS2-/install/unitree_go/include/unitree_go/unitree_go/msg/detail/bms_state__rosidl_typesupport_fastrtps_c.h
[0.954s] -- Up-to-date: /home/simonzhang/g1-mujoco-ros2-nav-sim-G1-MuJoCo-ROS2-/install/unitree_go/include/unitree_go/unitree_go/msg/detail/motor_cmds__rosidl_typesupport_fastrtps_c.h
[0.954s] -- Up-to-date: /home/simonzhang/g1-mujoco-ros2-nav-sim-G1-MuJoCo-ROS2-/install/unitree_go/include/unitree_go/unitree_go/msg/detail/error__rosidl_typesupport_fastrtps_c.h
[0.954s] -- Up-to-date: /home/simonzhang/g1-mujoco-ros2-nav-sim-G1-MuJoCo-ROS2-/install/unitree_go/include/unitree_go/unitree_go/msg/detail/low_cmd__rosidl_typesupport_fastrtps_c.h
[0.954s] -- Up-to-date: /home/simonzhang/g1-mujoco-ros2-nav-sim-G1-MuJoCo-ROS2-/install/unitree_go/include/unitree_go/unitree_go/msg/detail/audio_data__rosidl_typesupport_fastrtps_c.h
[0.954s] -- Up-to-date: /home/simonzhang/g1-mujoco-ros2-nav-sim-G1-MuJoCo-ROS2-/install/unitree_go/include/unitree_go/unitree_go/msg/detail/time_spec__rosidl_typesupport_fastrtps_c.h
[0.954s] -- Up-to-date: /home/simonzhang/g1-mujoco-ros2-nav-sim-G1-MuJoCo-ROS2-/install/unitree_go/include/unitree_go/unitree_go/msg/detail/uwb_switch__rosidl_typesupport_fastrtps_c.h
[0.954s] -- Up-to-date: /home/simonzhang/g1-mujoco-ros2-nav-sim-G1-MuJoCo-ROS2-/install/unitree_go/include/unitree_go/unitree_go/msg/detail/sport_mode_cmd__rosidl_typesupport_fastrtps_c.h
[0.954s] -- Up-to-date: /home/simonzhang/g1-mujoco-ros2-nav-sim-G1-MuJoCo-ROS2-/install/unitree_go/include/unitree_go/unitree_go/msg/detail/path_point__rosidl_typesupport_fastrtps_c.h
[0.955s] -- Up-to-date: /home/simonzhang/g1-mujoco-ros2-nav-sim-G1-MuJoCo-ROS2-/install/unitree_go/include/unitree_go/unitree_go/msg/detail/interface_config__rosidl_typesupport_fastrtps_c.h
[0.955s] -- Up-to-date: /home/simonzhang/g1-mujoco-ros2-nav-sim-G1-MuJoCo-ROS2-/install/unitree_go/include/unitree_go/unitree_go/msg/detail/imu_state__rosidl_typesupport_fastrtps_c.h
[0.955s] -- Up-to-date: /home/simonzhang/g1-mujoco-ros2-nav-sim-G1-MuJoCo-ROS2-/install/unitree_go/include/unitree_go/unitree_go/msg/detail/motor_cmd__rosidl_typesupport_fastrtps_c.h
[0.955s] -- Up-to-date: /home/simonzhang/g1-mujoco-ros2-nav-sim-G1-MuJoCo-ROS2-/install/unitree_go/include/unitree_go/unitree_go/msg/detail/req__rosidl_typesupport_fastrtps_c.h
[0.955s] -- Up-to-date: /home/simonzhang/g1-mujoco-ros2-nav-sim-G1-MuJoCo-ROS2-/install/unitree_go/include/unitree_go/unitree_go/msg/detail/height_map__rosidl_typesupport_fastrtps_c.h
[0.955s] -- Up-to-date: /home/simonzhang/g1-mujoco-ros2-nav-sim-G1-MuJoCo-ROS2-/install/unitree_go/include/unitree_go/unitree_go/msg/detail/low_state__rosidl_typesupport_fastrtps_c.h
[0.955s] -- Up-to-date: /home/simonzhang/g1-mujoco-ros2-nav-sim-G1-MuJoCo-ROS2-/install/unitree_go/include/unitree_go/unitree_go/msg/detail/res__rosidl_typesupport_fastrtps_c.h
[0.955s] -- Up-to-date: /home/simonzhang/g1-mujoco-ros2-nav-sim-G1-MuJoCo-ROS2-/install/unitree_go/include/unitree_go/unitree_go/msg/detail/sport_mode_state__rosidl_typesupport_fastrtps_c.h
[0.955s] -- Up-to-date: /home/simonzhang/g1-mujoco-ros2-nav-sim-G1-MuJoCo-ROS2-/install/unitree_go/lib/libunitree_go__rosidl_typesupport_fastrtps_c.so
[0.955s] -- Up-to-date: /home/simonzhang/g1-mujoco-ros2-nav-sim-G1-MuJoCo-ROS2-/install/unitree_go/include/unitree_go/unitree_go
[0.955s] -- Up-to-date: /home/simonzhang/g1-mujoco-ros2-nav-sim-G1-MuJoCo-ROS2-/install/unitree_go/include/unitree_go/unitree_go/msg
[0.955s] -- Up-to-date: /home/simonzhang/g1-mujoco-ros2-nav-sim-G1-MuJoCo-ROS2-/install/unitree_go/include/unitree_go/unitree_go/msg/bms_cmd.hpp
[0.955s] -- Up-to-date: /home/simonzhang/g1-mujoco-ros2-nav-sim-G1-MuJoCo-ROS2-/install/unitree_go/include/unitree_go/unitree_go/msg/motor_states.hpp
[0.955s] -- Up-to-date: /home/simonzhang/g1-mujoco-ros2-nav-sim-G1-MuJoCo-ROS2-/install/unitree_go/include/unitree_go/unitree_go/msg/low_cmd.hpp
[0.955s] -- Up-to-date: /home/simonzhang/g1-mujoco-ros2-nav-sim-G1-MuJoCo-ROS2-/install/unitree_go/include/unitree_go/unitree_go/msg/motor_cmd.hpp
[0.955s] -- Up-to-date: /home/simonzhang/g1-mujoco-ros2-nav-sim-G1-MuJoCo-ROS2-/install/unitree_go/include/unitree_go/unitree_go/msg/bms_state.hpp
[0.955s] -- Up-to-date: /home/simonzhang/g1-mujoco-ros2-nav-sim-G1-MuJoCo-ROS2-/install/unitree_go/include/unitree_go/unitree_go/msg/res.hpp
[0.955s] -- Up-to-date: /home/simonzhang/g1-mujoco-ros2-nav-sim-G1-MuJoCo-ROS2-/install/unitree_go/include/unitree_go/unitree_go/msg/motor_cmds.hpp
[0.955s] -- Up-to-date: /home/simonzhang/g1-mujoco-ros2-nav-sim-G1-MuJoCo-ROS2-/install/unitree_go/include/unitree_go/unitree_go/msg/wireless_controller.hpp
[0.955s] -- Up-to-date: /home/simonzhang/g1-mujoco-ros2-nav-sim-G1-MuJoCo-ROS2-/install/unitree_go/include/unitree_go/unitree_go/msg/uwb_state.hpp
[0.955s] -- Up-to-date: /home/simonzhang/g1-mujoco-ros2-nav-sim-G1-MuJoCo-ROS2-/install/unitree_go/include/unitree_go/unitree_go/msg/go2_front_video_data.hpp
[0.955s] -- Up-to-date: /home/simonzhang/g1-mujoco-ros2-nav-sim-G1-MuJoCo-ROS2-/install/unitree_go/include/unitree_go/unitree_go/msg/interface_config.hpp
[0.955s] -- Up-to-date: /home/simonzhang/g1-mujoco-ros2-nav-sim-G1-MuJoCo-ROS2-/install/unitree_go/include/unitree_go/unitree_go/msg/sport_mode_state.hpp
[0.955s] -- Up-to-date: /home/simonzhang/g1-mujoco-ros2-nav-sim-G1-MuJoCo-ROS2-/install/unitree_go/include/unitree_go/unitree_go/msg/error.hpp
[0.955s] -- Up-to-date: /home/simonzhang/g1-mujoco-ros2-nav-sim-G1-MuJoCo-ROS2-/install/unitree_go/include/unitree_go/unitree_go/msg/detail
[0.955s] -- Up-to-date: /home/simonzhang/g1-mujoco-ros2-nav-sim-G1-MuJoCo-ROS2-/install/unitree_go/include/unitree_go/unitree_go/msg/detail/audio_data__builder.hpp
[0.955s] -- Up-to-date: /home/simonzhang/g1-mujoco-ros2-nav-sim-G1-MuJoCo-ROS2-/install/unitree_go/include/unitree_go/unitree_go/msg/detail/req__type_support.hpp
[0.955s] -- Up-to-date: /home/simonzhang/g1-mujoco-ros2-nav-sim-G1-MuJoCo-ROS2-/install/unitree_go/include/unitree_go/unitree_go/msg/detail/motor_cmds__traits.hpp
[0.955s] -- Up-to-date: /home/simonzhang/g1-mujoco-ros2-nav-sim-G1-MuJoCo-ROS2-/install/unitree_go/include/unitree_go/unitree_go/msg/detail/path_point__struct.hpp
[0.955s] -- Up-to-date: /home/simonzhang/g1-mujoco-ros2-nav-sim-G1-MuJoCo-ROS2-/install/unitree_go/include/unitree_go/unitree_go/msg/detail/error__traits.hpp
[0.955s] -- Up-to-date: /home/simonzhang/g1-mujoco-ros2-nav-sim-G1-MuJoCo-ROS2-/install/unitree_go/include/unitree_go/unitree_go/msg/detail/bms_state__type_support.hpp
[0.955s] -- Up-to-date: /home/simonzhang/g1-mujoco-ros2-nav-sim-G1-MuJoCo-ROS2-/install/unitree_go/include/unitree_go/unitree_go/msg/detail/sport_mode_cmd__builder.hpp
[0.955s] -- Up-to-date: /home/simonzhang/g1-mujoco-ros2-nav-sim-G1-MuJoCo-ROS2-/install/unitree_go/include/unitree_go/unitree_go/msg/detail/sport_mode_cmd__struct.hpp
[0.955s] -- Up-to-date: /home/simonzhang/g1-mujoco-ros2-nav-sim-G1-MuJoCo-ROS2-/install/unitree_go/include/unitree_go/unitree_go/msg/detail/uwb_switch__struct.hpp
[0.955s] -- Up-to-date: /home/simonzhang/g1-mujoco-ros2-nav-sim-G1-MuJoCo-ROS2-/install/unitree_go/include/unitree_go/unitree_go/msg/detail/interface_config__struct.hpp
[0.955s] -- Up-to-date: /home/simonzhang/g1-mujoco-ros2-nav-sim-G1-MuJoCo-ROS2-/install/unitree_go/include/unitree_go/unitree_go/msg/detail/res__builder.hpp
[0.955s] -- Up-to-date: /home/simonzhang/g1-mujoco-ros2-nav-sim-G1-MuJoCo-ROS2-/install/unitree_go/include/unitree_go/unitree_go/msg/detail/uwb_state__builder.hpp
[0.955s] -- Up-to-date: /home/simonzhang/g1-mujoco-ros2-nav-sim-G1-MuJoCo-ROS2-/install/unitree_go/include/unitree_go/unitree_go/msg/detail/low_cmd__traits.hpp
[0.955s] -- Up-to-date: /home/simonzhang/g1-mujoco-ros2-nav-sim-G1-MuJoCo-ROS2-/install/unitree_go/include/unitree_go/unitree_go/msg/detail/motor_states__traits.hpp
[0.955s] -- Up-to-date: /home/simonzhang/g1-mujoco-ros2-nav-sim-G1-MuJoCo-ROS2-/install/unitree_go/include/unitree_go/unitree_go/msg/detail/low_cmd__struct.hpp
[0.955s] -- Up-to-date: /home/simonzhang/g1-mujoco-ros2-nav-sim-G1-MuJoCo-ROS2-/install/unitree_go/include/unitree_go/unitree_go/msg/detail/motor_states__struct.hpp
[0.955s] -- Up-to-date: /home/simonzhang/g1-mujoco-ros2-nav-sim-G1-MuJoCo-ROS2-/install/unitree_go/include/unitree_go/unitree_go/msg/detail/res__type_support.hpp
[0.955s] -- Up-to-date: /home/simonzhang/g1-mujoco-ros2-nav-sim-G1-MuJoCo-ROS2-/install/unitree_go/include/unitree_go/unitree_go/msg/detail/audio_data__traits.hpp
[0.955s] -- Up-to-date: /home/simonzhang/g1-mujoco-ros2-nav-sim-G1-MuJoCo-ROS2-/install/unitree_go/include/unitree_go/unitree_go/msg/detail/req__struct.hpp
[0.955s] -- Up-to-date: /home/simonzhang/g1-mujoco-ros2-nav-sim-G1-MuJoCo-ROS2-/install/unitree_go/include/unitree_go/unitree_go/msg/detail/go2_front_video_data__type_support.hpp
[0.955s] -- Up-to-date: /home/simonzhang/g1-mujoco-ros2-nav-sim-G1-MuJoCo-ROS2-/install/unitree_go/include/unitree_go/unitree_go/msg/detail/motor_cmd__type_support.hpp
[0.955s] -- Up-to-date: /home/simonzhang/g1-mujoco-ros2-nav-sim-G1-MuJoCo-ROS2-/install/unitree_go/include/unitree_go/unitree_go/msg/detail/path_point__type_support.hpp
[0.955s] -- Up-to-date: /home/simonzhang/g1-mujoco-ros2-nav-sim-G1-MuJoCo-ROS2-/install/unitree_go/include/unitree_go/unitree_go/msg/detail/bms_cmd__builder.hpp
[0.956s] -- Up-to-date: /home/simonzhang/g1-mujoco-ros2-nav-sim-G1-MuJoCo-ROS2-/install/unitree_go/include/unitree_go/unitree_go/msg/detail/low_state__builder.hpp
[0.956s] -- Up-to-date: /home/simonzhang/g1-mujoco-ros2-nav-sim-G1-MuJoCo-ROS2-/install/unitree_go/include/unitree_go/unitree_go/msg/detail/bms_state__struct.hpp
[0.956s] -- Up-to-date: /home/simonzhang/g1-mujoco-ros2-nav-sim-G1-MuJoCo-ROS2-/install/unitree_go/include/unitree_go/unitree_go/msg/detail/motor_states__type_support.hpp
[0.956s] -- Up-to-date: /home/simonzhang/g1-mujoco-ros2-nav-sim-G1-MuJoCo-ROS2-/install/unitree_go/include/unitree_go/unitree_go/msg/detail/height_map__struct.hpp
[0.956s] -- Up-to-date: /home/simonzhang/g1-mujoco-ros2-nav-sim-G1-MuJoCo-ROS2-/install/unitree_go/include/unitree_go/unitree_go/msg/detail/imu_state__struct.hpp
[0.956s] -- Up-to-date: /home/simonzhang/g1-mujoco-ros2-nav-sim-G1-MuJoCo-ROS2-/install/unitree_go/include/unitree_go/unitree_go/msg/detail/sport_mode_cmd__traits.hpp
[0.956s] -- Up-to-date: /home/simonzhang/g1-mujoco-ros2-nav-sim-G1-MuJoCo-ROS2-/install/unitree_go/include/unitree_go/unitree_go/msg/detail/uwb_switch__type_support.hpp
[0.956s] -- Up-to-date: /home/simonzhang/g1-mujoco-ros2-nav-sim-G1-MuJoCo-ROS2-/install/unitree_go/include/unitree_go/unitree_go/msg/detail/interface_config__builder.hpp
[0.956s] -- Up-to-date: /home/simonzhang/g1-mujoco-ros2-nav-sim-G1-MuJoCo-ROS2-/install/unitree_go/include/unitree_go/unitree_go/msg/detail/motor_state__traits.hpp
[0.956s] -- Up-to-date: /home/simonzhang/g1-mujoco-ros2-nav-sim-G1-MuJoCo-ROS2-/install/unitree_go/include/unitree_go/unitree_go/msg/detail/low_state__traits.hpp
[0.956s] -- Up-to-date: /home/simonzhang/g1-mujoco-ros2-nav-sim-G1-MuJoCo-ROS2-/install/unitree_go/include/unitree_go/unitree_go/msg/detail/sport_mode_state__traits.hpp
[0.956s] -- Up-to-date: /home/simonzhang/g1-mujoco-ros2-nav-sim-G1-MuJoCo-ROS2-/install/unitree_go/include/unitree_go/unitree_go/msg/detail/bms_cmd__type_support.hpp
[0.956s] -- Up-to-date: /home/simonzhang/g1-mujoco-ros2-nav-sim-G1-MuJoCo-ROS2-/install/unitree_go/include/unitree_go/unitree_go/msg/detail/bms_cmd__struct.hpp
[0.956s] -- Up-to-date: /home/simonzhang/g1-mujoco-ros2-nav-sim-G1-MuJoCo-ROS2-/install/unitree_go/include/unitree_go/unitree_go/msg/detail/sport_mode_cmd__type_support.hpp
[0.956s] -- Up-to-date: /home/simonzhang/g1-mujoco-ros2-nav-sim-G1-MuJoCo-ROS2-/install/unitree_go/include/unitree_go/unitree_go/msg/detail/bms_state__builder.hpp
[0.956s] -- Up-to-date: /home/simonzhang/g1-mujoco-ros2-nav-sim-G1-MuJoCo-ROS2-/install/unitree_go/include/unitree_go/unitree_go/msg/detail/wireless_controller__builder.hpp
[0.956s] -- Up-to-date: /home/simonzhang/g1-mujoco-ros2-nav-sim-G1-MuJoCo-ROS2-/install/unitree_go/include/unitree_go/unitree_go/msg/detail/sport_mode_state__type_support.hpp
[0.956s] -- Up-to-date: /home/simonzhang/g1-mujoco-ros2-nav-sim-G1-MuJoCo-ROS2-/install/unitree_go/include/unitree_go/unitree_go/msg/detail/low_cmd__type_support.hpp
[0.956s] -- Up-to-date: /home/simonzhang/g1-mujoco-ros2-nav-sim-G1-MuJoCo-ROS2-/install/unitree_go/include/unitree_go/unitree_go/msg/detail/uwb_state__traits.hpp
[0.956s] -- Up-to-date: /home/simonzhang/g1-mujoco-ros2-nav-sim-G1-MuJoCo-ROS2-/install/unitree_go/include/unitree_go/unitree_go/msg/detail/bms_state__traits.hpp
[0.956s] -- Up-to-date: /home/simonzhang/g1-mujoco-ros2-nav-sim-G1-MuJoCo-ROS2-/install/unitree_go/include/unitree_go/unitree_go/msg/detail/time_spec__type_support.hpp
[0.956s] -- Up-to-date: /home/simonzhang/g1-mujoco-ros2-nav-sim-G1-MuJoCo-ROS2-/install/unitree_go/include/unitree_go/unitree_go/msg/detail/low_cmd__builder.hpp
[0.956s] -- Up-to-date: /home/simonzhang/g1-mujoco-ros2-nav-sim-G1-MuJoCo-ROS2-/install/unitree_go/include/unitree_go/unitree_go/msg/detail/height_map__builder.hpp
[0.956s] -- Up-to-date: /home/simonzhang/g1-mujoco-ros2-nav-sim-G1-MuJoCo-ROS2-/install/unitree_go/include/unitree_go/unitree_go/msg/detail/path_point__traits.hpp
[0.956s] -- Up-to-date: /home/simonzhang/g1-mujoco-ros2-nav-sim-G1-MuJoCo-ROS2-/install/unitree_go/include/unitree_go/unitree_go/msg/detail/uwb_switch__traits.hpp
[0.956s] -- Up-to-date: /home/simonzhang/g1-mujoco-ros2-nav-sim-G1-MuJoCo-ROS2-/install/unitree_go/include/unitree_go/unitree_go/msg/detail/go2_front_video_data__traits.hpp
[0.956s] -- Up-to-date: /home/simonzhang/g1-mujoco-ros2-nav-sim-G1-MuJoCo-ROS2-/install/unitree_go/include/unitree_go/unitree_go/msg/detail/req__traits.hpp
[0.956s] -- Up-to-date: /home/simonzhang/g1-mujoco-ros2-nav-sim-G1-MuJoCo-ROS2-/install/unitree_go/include/unitree_go/unitree_go/msg/detail/motor_state__struct.hpp
[0.956s] -- Up-to-date: /home/simonzhang/g1-mujoco-ros2-nav-sim-G1-MuJoCo-ROS2-/install/unitree_go/include/unitree_go/unitree_go/msg/detail/sport_mode_state__struct.hpp
[0.956s] -- Up-to-date: /home/simonzhang/g1-mujoco-ros2-nav-sim-G1-MuJoCo-ROS2-/install/unitree_go/include/unitree_go/unitree_go/msg/detail/interface_config__type_support.hpp
[0.956s] -- Up-to-date: /home/simonzhang/g1-mujoco-ros2-nav-sim-G1-MuJoCo-ROS2-/install/unitree_go/include/unitree_go/unitree_go/msg/detail/low_state__struct.hpp
[0.956s] -- Up-to-date: /home/simonzhang/g1-mujoco-ros2-nav-sim-G1-MuJoCo-ROS2-/install/unitree_go/include/unitree_go/unitree_go/msg/detail/interface_config__traits.hpp
[0.956s] -- Up-to-date: /home/simonzhang/g1-mujoco-ros2-nav-sim-G1-MuJoCo-ROS2-/install/unitree_go/include/unitree_go/unitree_go/msg/detail/wireless_controller__traits.hpp
[0.956s] -- Up-to-date: /home/simonzhang/g1-mujoco-ros2-nav-sim-G1-MuJoCo-ROS2-/install/unitree_go/include/unitree_go/unitree_go/msg/detail/height_map__traits.hpp
[0.956s] -- Up-to-date: /home/simonzhang/g1-mujoco-ros2-nav-sim-G1-MuJoCo-ROS2-/install/unitree_go/include/unitree_go/unitree_go/msg/detail/imu_state__type_support.hpp
[0.956s] -- Up-to-date: /home/simonzhang/g1-mujoco-ros2-nav-sim-G1-MuJoCo-ROS2-/install/unitree_go/include/unitree_go/unitree_go/msg/detail/error__type_support.hpp
[0.956s] -- Up-to-date: /home/simonzhang/g1-mujoco-ros2-nav-sim-G1-MuJoCo-ROS2-/install/unitree_go/include/unitree_go/unitree_go/msg/detail/uwb_state__type_support.hpp
[0.956s] -- Up-to-date: /home/simonzhang/g1-mujoco-ros2-nav-sim-G1-MuJoCo-ROS2-/install/unitree_go/include/unitree_go/unitree_go/msg/detail/path_point__builder.hpp
[0.956s] -- Up-to-date: /home/simonzhang/g1-mujoco-ros2-nav-sim-G1-MuJoCo-ROS2-/install/unitree_go/include/unitree_go/unitree_go/msg/detail/motor_cmd__traits.hpp
[0.956s] -- Up-to-date: /home/simonzhang/g1-mujoco-ros2-nav-sim-G1-MuJoCo-ROS2-/install/unitree_go/include/unitree_go/unitree_go/msg/detail/req__builder.hpp
[0.956s] -- Up-to-date: /home/simonzhang/g1-mujoco-ros2-nav-sim-G1-MuJoCo-ROS2-/install/unitree_go/include/unitree_go/unitree_go/msg/detail/imu_state__traits.hpp
[0.956s] -- Up-to-date: /home/simonzhang/g1-mujoco-ros2-nav-sim-G1-MuJoCo-ROS2-/install/unitree_go/include/unitree_go/unitree_go/msg/detail/go2_front_video_data__struct.hpp
[0.956s] -- Up-to-date: /home/simonzhang/g1-mujoco-ros2-nav-sim-G1-MuJoCo-ROS2-/install/unitree_go/include/unitree_go/unitree_go/msg/detail/error__builder.hpp
[0.956s] -- Up-to-date: /home/simonzhang/g1-mujoco-ros2-nav-sim-G1-MuJoCo-ROS2-/install/unitree_go/include/unitree_go/unitree_go/msg/detail/lidar_state__struct.hpp
[0.956s] -- Up-to-date: /home/simonzhang/g1-mujoco-ros2-nav-sim-G1-MuJoCo-ROS2-/install/unitree_go/include/unitree_go/unitree_go/msg/detail/time_spec__builder.hpp
[0.956s] -- Up-to-date: /home/simonzhang/g1-mujoco-ros2-nav-sim-G1-MuJoCo-ROS2-/install/unitree_go/include/unitree_go/unitree_go/msg/detail/uwb_state__struct.hpp
[0.956s] -- Up-to-date: /home/simonzhang/g1-mujoco-ros2-nav-sim-G1-MuJoCo-ROS2-/install/unitree_go/include/unitree_go/unitree_go/msg/detail/lidar_state__traits.hpp
[0.956s] -- Up-to-date: /home/simonzhang/g1-mujoco-ros2-nav-sim-G1-MuJoCo-ROS2-/install/unitree_go/include/unitree_go/unitree_go/msg/detail/lidar_state__builder.hpp
[0.956s] -- Up-to-date: /home/simonzhang/g1-mujoco-ros2-nav-sim-G1-MuJoCo-ROS2-/install/unitree_go/include/unitree_go/unitree_go/msg/detail/motor_cmd__struct.hpp
[0.956s] -- Up-to-date: /home/simonzhang/g1-mujoco-ros2-nav-sim-G1-MuJoCo-ROS2-/install/unitree_go/include/unitree_go/unitree_go/msg/detail/wireless_controller__struct.hpp
[0.956s] -- Up-to-date: /home/simonzhang/g1-mujoco-ros2-nav-sim-G1-MuJoCo-ROS2-/install/unitree_go/include/unitree_go/unitree_go/msg/detail/go2_front_video_data__builder.hpp
[0.956s] -- Up-to-date: /home/simonzhang/g1-mujoco-ros2-nav-sim-G1-MuJoCo-ROS2-/install/unitree_go/include/unitree_go/unitree_go/msg/detail/lidar_state__type_support.hpp
[0.957s] -- Up-to-date: /home/simonzhang/g1-mujoco-ros2-nav-sim-G1-MuJoCo-ROS2-/install/unitree_go/include/unitree_go/unitree_go/msg/detail/motor_state__type_support.hpp
[0.957s] -- Up-to-date: /home/simonzhang/g1-mujoco-ros2-nav-sim-G1-MuJoCo-ROS2-/install/unitree_go/include/unitree_go/unitree_go/msg/detail/motor_cmds__struct.hpp
[0.957s] -- Up-to-date: /home/simonzhang/g1-mujoco-ros2-nav-sim-G1-MuJoCo-ROS2-/install/unitree_go/include/unitree_go/unitree_go/msg/detail/audio_data__struct.hpp
[0.957s] -- Up-to-date: /home/simonzhang/g1-mujoco-ros2-nav-sim-G1-MuJoCo-ROS2-/install/unitree_go/include/unitree_go/unitree_go/msg/detail/height_map__type_support.hpp
[0.957s] -- Up-to-date: /home/simonzhang/g1-mujoco-ros2-nav-sim-G1-MuJoCo-ROS2-/install/unitree_go/include/unitree_go/unitree_go/msg/detail/motor_cmds__type_support.hpp
[0.957s] -- Up-to-date: /home/simonzhang/g1-mujoco-ros2-nav-sim-G1-MuJoCo-ROS2-/install/unitree_go/include/unitree_go/unitree_go/msg/detail/imu_state__builder.hpp
[0.957s] -- Up-to-date: /home/simonzhang/g1-mujoco-ros2-nav-sim-G1-MuJoCo-ROS2-/install/unitree_go/include/unitree_go/unitree_go/msg/detail/motor_cmds__builder.hpp
[0.957s] -- Up-to-date: /home/simonzhang/g1-mujoco-ros2-nav-sim-G1-MuJoCo-ROS2-/install/unitree_go/include/unitree_go/unitree_go/msg/detail/bms_cmd__traits.hpp
[0.957s] -- Up-to-date: /home/simonzhang/g1-mujoco-ros2-nav-sim-G1-MuJoCo-ROS2-/install/unitree_go/include/unitree_go/unitree_go/msg/detail/time_spec__traits.hpp
[0.957s] -- Up-to-date: /home/simonzhang/g1-mujoco-ros2-nav-sim-G1-MuJoCo-ROS2-/install/unitree_go/include/unitree_go/unitree_go/msg/detail/error__struct.hpp
[0.957s] -- Up-to-date: /home/simonzhang/g1-mujoco-ros2-nav-sim-G1-MuJoCo-ROS2-/install/unitree_go/include/unitree_go/unitree_go/msg/detail/res__traits.hpp
[0.957s] -- Up-to-date: /home/simonzhang/g1-mujoco-ros2-nav-sim-G1-MuJoCo-ROS2-/install/unitree_go/include/unitree_go/unitree_go/msg/detail/time_spec__struct.hpp
[0.957s] -- Up-to-date: /home/simonzhang/g1-mujoco-ros2-nav-sim-G1-MuJoCo-ROS2-/install/unitree_go/include/unitree_go/unitree_go/msg/detail/sport_mode_state__builder.hpp
[0.957s] -- Up-to-date: /home/simonzhang/g1-mujoco-ros2-nav-sim-G1-MuJoCo-ROS2-/install/unitree_go/include/unitree_go/unitree_go/msg/detail/motor_cmd__builder.hpp
[0.957s] -- Up-to-date: /home/simonzhang/g1-mujoco-ros2-nav-sim-G1-MuJoCo-ROS2-/install/unitree_go/include/unitree_go/unitree_go/msg/detail/wireless_controller__type_support.hpp
[0.957s] -- Up-to-date: /home/simonzhang/g1-mujoco-ros2-nav-sim-G1-MuJoCo-ROS2-/install/unitree_go/include/unitree_go/unitree_go/msg/detail/motor_states__builder.hpp
[0.957s] -- Up-to-date: /home/simonzhang/g1-mujoco-ros2-nav-sim-G1-MuJoCo-ROS2-/install/unitree_go/include/unitree_go/unitree_go/msg/detail/motor_state__builder.hpp
[0.957s] -- Up-to-date: /home/simonzhang/g1-mujoco-ros2-nav-sim-G1-MuJoCo-ROS2-/install/unitree_go/include/unitree_go/unitree_go/msg/detail/res__struct.hpp
[0.957s] -- Up-to-date: /home/simonzhang/g1-mujoco-ros2-nav-sim-G1-MuJoCo-ROS2-/install/unitree_go/include/unitree_go/unitree_go/msg/detail/uwb_switch__builder.hpp
[0.957s] -- Up-to-date: /home/simonzhang/g1-mujoco-ros2-nav-sim-G1-MuJoCo-ROS2-/install/unitree_go/include/unitree_go/unitree_go/msg/detail/audio_data__type_support.hpp
[0.957s] -- Up-to-date: /home/simonzhang/g1-mujoco-ros2-nav-sim-G1-MuJoCo-ROS2-/install/unitree_go/include/unitree_go/unitree_go/msg/detail/low_state__type_support.hpp
[0.957s] -- Up-to-date: /home/simonzhang/g1-mujoco-ros2-nav-sim-G1-MuJoCo-ROS2-/install/unitree_go/include/unitree_go/unitree_go/msg/low_state.hpp
[0.957s] -- Up-to-date: /home/simonzhang/g1-mujoco-ros2-nav-sim-G1-MuJoCo-ROS2-/install/unitree_go/include/unitree_go/unitree_go/msg/rosidl_generator_cpp__visibility_control.hpp
[0.957s] -- Up-to-date: /home/simonzhang/g1-mujoco-ros2-nav-sim-G1-MuJoCo-ROS2-/install/unitree_go/include/unitree_go/unitree_go/msg/req.hpp
[0.957s] -- Up-to-date: /home/simonzhang/g1-mujoco-ros2-nav-sim-G1-MuJoCo-ROS2-/install/unitree_go/include/unitree_go/unitree_go/msg/imu_state.hpp
[0.957s] -- Up-to-date: /home/simonzhang/g1-mujoco-ros2-nav-sim-G1-MuJoCo-ROS2-/install/unitree_go/include/unitree_go/unitree_go/msg/height_map.hpp
[0.957s] -- Up-to-date: /home/simonzhang/g1-mujoco-ros2-nav-sim-G1-MuJoCo-ROS2-/install/unitree_go/include/unitree_go/unitree_go/msg/path_point.hpp
[0.957s] -- Up-to-date: /home/simonzhang/g1-mujoco-ros2-nav-sim-G1-MuJoCo-ROS2-/install/unitree_go/include/unitree_go/unitree_go/msg/time_spec.hpp
[0.957s] -- Up-to-date: /home/simonzhang/g1-mujoco-ros2-nav-sim-G1-MuJoCo-ROS2-/install/unitree_go/include/unitree_go/unitree_go/msg/sport_mode_cmd.hpp
[0.957s] -- Up-to-date: /home/simonzhang/g1-mujoco-ros2-nav-sim-G1-MuJoCo-ROS2-/install/unitree_go/include/unitree_go/unitree_go/msg/audio_data.hpp
[0.957s] -- Up-to-date: /home/simonzhang/g1-mujoco-ros2-nav-sim-G1-MuJoCo-ROS2-/install/unitree_go/include/unitree_go/unitree_go/msg/motor_state.hpp
[0.957s] -- Up-to-date: /home/simonzhang/g1-mujoco-ros2-nav-sim-G1-MuJoCo-ROS2-/install/unitree_go/include/unitree_go/unitree_go/msg/uwb_switch.hpp
[0.957s] -- Up-to-date: /home/simonzhang/g1-mujoco-ros2-nav-sim-G1-MuJoCo-ROS2-/install/unitree_go/include/unitree_go/unitree_go/msg/lidar_state.hpp
[0.957s] -- Up-to-date: /home/simonzhang/g1-mujoco-ros2-nav-sim-G1-MuJoCo-ROS2-/install/unitree_go/include/unitree_go/unitree_go
[0.957s] -- Up-to-date: /home/simonzhang/g1-mujoco-ros2-nav-sim-G1-MuJoCo-ROS2-/install/unitree_go/include/unitree_go/unitree_go/msg
[0.957s] -- Up-to-date: /home/simonzhang/g1-mujoco-ros2-nav-sim-G1-MuJoCo-ROS2-/install/unitree_go/include/unitree_go/unitree_go/msg/rosidl_typesupport_fastrtps_cpp__visibility_control.h
[0.957s] -- Up-to-date: /home/simonzhang/g1-mujoco-ros2-nav-sim-G1-MuJoCo-ROS2-/install/unitree_go/include/unitree_go/unitree_go/msg/detail
[0.957s] -- Up-to-date: /home/simonzhang/g1-mujoco-ros2-nav-sim-G1-MuJoCo-ROS2-/install/unitree_go/include/unitree_go/unitree_go/msg/detail/motor_cmds__rosidl_typesupport_fastrtps_cpp.hpp
[0.957s] -- Up-to-date: /home/simonzhang/g1-mujoco-ros2-nav-sim-G1-MuJoCo-ROS2-/install/unitree_go/include/unitree_go/unitree_go/msg/detail/res__rosidl_typesupport_fastrtps_cpp.hpp
[0.957s] -- Up-to-date: /home/simonzhang/g1-mujoco-ros2-nav-sim-G1-MuJoCo-ROS2-/install/unitree_go/include/unitree_go/unitree_go/msg/detail/time_spec__rosidl_typesupport_fastrtps_cpp.hpp
[0.957s] -- Up-to-date: /home/simonzhang/g1-mujoco-ros2-nav-sim-G1-MuJoCo-ROS2-/install/unitree_go/include/unitree_go/unitree_go/msg/detail/imu_state__rosidl_typesupport_fastrtps_cpp.hpp
[0.957s] -- Up-to-date: /home/simonzhang/g1-mujoco-ros2-nav-sim-G1-MuJoCo-ROS2-/install/unitree_go/include/unitree_go/unitree_go/msg/detail/sport_mode_cmd__rosidl_typesupport_fastrtps_cpp.hpp
[0.957s] -- Up-to-date: /home/simonzhang/g1-mujoco-ros2-nav-sim-G1-MuJoCo-ROS2-/install/unitree_go/include/unitree_go/unitree_go/msg/detail/low_cmd__rosidl_typesupport_fastrtps_cpp.hpp
[0.957s] -- Up-to-date: /home/simonzhang/g1-mujoco-ros2-nav-sim-G1-MuJoCo-ROS2-/install/unitree_go/include/unitree_go/unitree_go/msg/detail/uwb_state__rosidl_typesupport_fastrtps_cpp.hpp
[0.957s] -- Up-to-date: /home/simonzhang/g1-mujoco-ros2-nav-sim-G1-MuJoCo-ROS2-/install/unitree_go/include/unitree_go/unitree_go/msg/detail/bms_cmd__rosidl_typesupport_fastrtps_cpp.hpp
[0.957s] -- Up-to-date: /home/simonzhang/g1-mujoco-ros2-nav-sim-G1-MuJoCo-ROS2-/install/unitree_go/include/unitree_go/unitree_go/msg/detail/go2_front_video_data__rosidl_typesupport_fastrtps_cpp.hpp
[0.957s] -- Up-to-date: /home/simonzhang/g1-mujoco-ros2-nav-sim-G1-MuJoCo-ROS2-/install/unitree_go/include/unitree_go/unitree_go/msg/detail/low_state__rosidl_typesupport_fastrtps_cpp.hpp
[0.957s] -- Up-to-date: /home/simonzhang/g1-mujoco-ros2-nav-sim-G1-MuJoCo-ROS2-/install/unitree_go/include/unitree_go/unitree_go/msg/detail/motor_states__rosidl_typesupport_fastrtps_cpp.hpp
[0.957s] -- Up-to-date: /home/simonzhang/g1-mujoco-ros2-nav-sim-G1-MuJoCo-ROS2-/install/unitree_go/include/unitree_go/unitree_go/msg/detail/wireless_controller__rosidl_typesupport_fastrtps_cpp.hpp
[0.957s] -- Up-to-date: /home/simonzhang/g1-mujoco-ros2-nav-sim-G1-MuJoCo-ROS2-/install/unitree_go/include/unitree_go/unitree_go/msg/detail/audio_data__rosidl_typesupport_fastrtps_cpp.hpp
[0.957s] -- Up-to-date: /home/simonzhang/g1-mujoco-ros2-nav-sim-G1-MuJoCo-ROS2-/install/unitree_go/include/unitree_go/unitree_go/msg/detail/path_point__rosidl_typesupport_fastrtps_cpp.hpp
[0.957s] -- Up-to-date: /home/simonzhang/g1-mujoco-ros2-nav-sim-G1-MuJoCo-ROS2-/install/unitree_go/include/unitree_go/unitree_go/msg/detail/dds_fastrtps
[0.957s] -- Up-to-date: /home/simonzhang/g1-mujoco-ros2-nav-sim-G1-MuJoCo-ROS2-/install/unitree_go/include/unitree_go/unitree_go/msg/detail/height_map__rosidl_typesupport_fastrtps_cpp.hpp
[0.957s] -- Up-to-date: /home/simonzhang/g1-mujoco-ros2-nav-sim-G1-MuJoCo-ROS2-/install/unitree_go/include/unitree_go/unitree_go/msg/detail/error__rosidl_typesupport_fastrtps_cpp.hpp
[0.957s] -- Up-to-date: /home/simonzhang/g1-mujoco-ros2-nav-sim-G1-MuJoCo-ROS2-/install/unitree_go/include/unitree_go/unitree_go/msg/detail/interface_config__rosidl_typesupport_fastrtps_cpp.hpp
[0.957s] -- Up-to-date: /home/simonzhang/g1-mujoco-ros2-nav-sim-G1-MuJoCo-ROS2-/install/unitree_go/include/unitree_go/unitree_go/msg/detail/bms_state__rosidl_typesupport_fastrtps_cpp.hpp
[0.957s] -- Up-to-date: /home/simonzhang/g1-mujoco-ros2-nav-sim-G1-MuJoCo-ROS2-/install/unitree_go/include/unitree_go/unitree_go/msg/detail/motor_cmd__rosidl_typesupport_fastrtps_cpp.hpp
[0.957s] -- Up-to-date: /home/simonzhang/g1-mujoco-ros2-nav-sim-G1-MuJoCo-ROS2-/install/unitree_go/include/unitree_go/unitree_go/msg/detail/lidar_state__rosidl_typesupport_fastrtps_cpp.hpp
[0.958s] -- Up-to-date: /home/simonzhang/g1-mujoco-ros2-nav-sim-G1-MuJoCo-ROS2-/install/unitree_go/include/unitree_go/unitree_go/msg/detail/motor_state__rosidl_typesupport_fastrtps_cpp.hpp
[0.958s] -- Up-to-date: /home/simonzhang/g1-mujoco-ros2-nav-sim-G1-MuJoCo-ROS2-/install/unitree_go/include/unitree_go/unitree_go/msg/detail/req__rosidl_typesupport_fastrtps_cpp.hpp
[0.958s] -- Up-to-date: /home/simonzhang/g1-mujoco-ros2-nav-sim-G1-MuJoCo-ROS2-/install/unitree_go/include/unitree_go/unitree_go/msg/detail/sport_mode_state__rosidl_typesupport_fastrtps_cpp.hpp
[0.958s] -- Up-to-date: /home/simonzhang/g1-mujoco-ros2-nav-sim-G1-MuJoCo-ROS2-/install/unitree_go/include/unitree_go/unitree_go/msg/detail/uwb_switch__rosidl_typesupport_fastrtps_cpp.hpp
[0.958s] -- Up-to-date: /home/simonzhang/g1-mujoco-ros2-nav-sim-G1-MuJoCo-ROS2-/install/unitree_go/lib/libunitree_go__rosidl_typesupport_fastrtps_cpp.so
[0.958s] -- Up-to-date: /home/simonzhang/g1-mujoco-ros2-nav-sim-G1-MuJoCo-ROS2-/install/unitree_go/include/unitree_go/unitree_go
[0.958s] -- Up-to-date: /home/simonzhang/g1-mujoco-ros2-nav-sim-G1-MuJoCo-ROS2-/install/unitree_go/include/unitree_go/unitree_go/msg
[0.958s] -- Up-to-date: /home/simonzhang/g1-mujoco-ros2-nav-sim-G1-MuJoCo-ROS2-/install/unitree_go/include/unitree_go/unitree_go/msg/rosidl_typesupport_introspection_c__visibility_control.h
[0.958s] -- Up-to-date: /home/simonzhang/g1-mujoco-ros2-nav-sim-G1-MuJoCo-ROS2-/install/unitree_go/include/unitree_go/unitree_go/msg/detail
[0.958s] -- Up-to-date: /home/simonzhang/g1-mujoco-ros2-nav-sim-G1-MuJoCo-ROS2-/install/unitree_go/include/unitree_go/unitree_go/msg/detail/go2_front_video_data__type_support.c
[0.958s] -- Up-to-date: /home/simonzhang/g1-mujoco-ros2-nav-sim-G1-MuJoCo-ROS2-/install/unitree_go/include/unitree_go/unitree_go/msg/detail/motor_state__type_support.c
[0.958s] -- Up-to-date: /home/simonzhang/g1-mujoco-ros2-nav-sim-G1-MuJoCo-ROS2-/install/unitree_go/include/unitree_go/unitree_go/msg/detail/res__rosidl_typesupport_introspection_c.h
[0.958s] -- Up-to-date: /home/simonzhang/g1-mujoco-ros2-nav-sim-G1-MuJoCo-ROS2-/install/unitree_go/include/unitree_go/unitree_go/msg/detail/imu_state__rosidl_typesupport_introspection_c.h
[0.958s] -- Up-to-date: /home/simonzhang/g1-mujoco-ros2-nav-sim-G1-MuJoCo-ROS2-/install/unitree_go/include/unitree_go/unitree_go/msg/detail/sport_mode_state__type_support.c
[0.958s] -- Up-to-date: /home/simonzhang/g1-mujoco-ros2-nav-sim-G1-MuJoCo-ROS2-/install/unitree_go/include/unitree_go/unitree_go/msg/detail/audio_data__type_support.c
[0.958s] -- Up-to-date: /home/simonzhang/g1-mujoco-ros2-nav-sim-G1-MuJoCo-ROS2-/install/unitree_go/include/unitree_go/unitree_go/msg/detail/audio_data__rosidl_typesupport_introspection_c.h
[0.958s] -- Up-to-date: /home/simonzhang/g1-mujoco-ros2-nav-sim-G1-MuJoCo-ROS2-/install/unitree_go/include/unitree_go/unitree_go/msg/detail/low_cmd__type_support.c
[0.958s] -- Up-to-date: /home/simonzhang/g1-mujoco-ros2-nav-sim-G1-MuJoCo-ROS2-/install/unitree_go/include/unitree_go/unitree_go/msg/detail/go2_front_video_data__rosidl_typesupport_introspection_c.h
[0.958s] -- Up-to-date: /home/simonzhang/g1-mujoco-ros2-nav-sim-G1-MuJoCo-ROS2-/install/unitree_go/include/unitree_go/unitree_go/msg/detail/req__rosidl_typesupport_introspection_c.h
[0.958s] -- Up-to-date: /home/simonzhang/g1-mujoco-ros2-nav-sim-G1-MuJoCo-ROS2-/install/unitree_go/include/unitree_go/unitree_go/msg/detail/motor_state__rosidl_typesupport_introspection_c.h
[0.958s] -- Up-to-date: /home/simonzhang/g1-mujoco-ros2-nav-sim-G1-MuJoCo-ROS2-/install/unitree_go/include/unitree_go/unitree_go/msg/detail/time_spec__rosidl_typesupport_introspection_c.h
[0.958s] -- Up-to-date: /home/simonzhang/g1-mujoco-ros2-nav-sim-G1-MuJoCo-ROS2-/install/unitree_go/include/unitree_go/unitree_go/msg/detail/sport_mode_state__rosidl_typesupport_introspection_c.h
[0.958s] -- Up-to-date: /home/simonzhang/g1-mujoco-ros2-nav-sim-G1-MuJoCo-ROS2-/install/unitree_go/include/unitree_go/unitree_go/msg/detail/path_point__type_support.c
[0.958s] -- Up-to-date: /home/simonzhang/g1-mujoco-ros2-nav-sim-G1-MuJoCo-ROS2-/install/unitree_go/include/unitree_go/unitree_go/msg/detail/lidar_state__type_support.c
[0.958s] -- Up-to-date: /home/simonzhang/g1-mujoco-ros2-nav-sim-G1-MuJoCo-ROS2-/install/unitree_go/include/unitree_go/unitree_go/msg/detail/interface_config__type_support.c
[0.958s] -- Up-to-date: /home/simonzhang/g1-mujoco-ros2-nav-sim-G1-MuJoCo-ROS2-/install/unitree_go/include/unitree_go/unitree_go/msg/detail/motor_cmd__rosidl_typesupport_introspection_c.h
[0.958s] -- Up-to-date: /home/simonzhang/g1-mujoco-ros2-nav-sim-G1-MuJoCo-ROS2-/install/unitree_go/include/unitree_go/unitree_go/msg/detail/error__type_support.c
[0.958s] -- Up-to-date: /home/simonzhang/g1-mujoco-ros2-nav-sim-G1-MuJoCo-ROS2-/install/unitree_go/include/unitree_go/unitree_go/msg/detail/bms_state__type_support.c
[0.958s] -- Up-to-date: /home/simonzhang/g1-mujoco-ros2-nav-sim-G1-MuJoCo-ROS2-/install/unitree_go/include/unitree_go/unitree_go/msg/detail/uwb_switch__type_support.c
[0.958s] -- Up-to-date: /home/simonzhang/g1-mujoco-ros2-nav-sim-G1-MuJoCo-ROS2-/install/unitree_go/include/unitree_go/unitree_go/msg/detail/uwb_state__rosidl_typesupport_introspection_c.h
[0.958s] -- Up-to-date: /home/simonzhang/g1-mujoco-ros2-nav-sim-G1-MuJoCo-ROS2-/install/unitree_go/include/unitree_go/unitree_go/msg/detail/bms_state__rosidl_typesupport_introspection_c.h
[0.958s] -- Up-to-date: /home/simonzhang/g1-mujoco-ros2-nav-sim-G1-MuJoCo-ROS2-/install/unitree_go/include/unitree_go/unitree_go/msg/detail/motor_states__type_support.c
[0.958s] -- Up-to-date: /home/simonzhang/g1-mujoco-ros2-nav-sim-G1-MuJoCo-ROS2-/install/unitree_go/include/unitree_go/unitree_go/msg/detail/time_spec__type_support.c
[0.958s] -- Up-to-date: /home/simonzhang/g1-mujoco-ros2-nav-sim-G1-MuJoCo-ROS2-/install/unitree_go/include/unitree_go/unitree_go/msg/detail/error__rosidl_typesupport_introspection_c.h
[0.958s] -- Up-to-date: /home/simonzhang/g1-mujoco-ros2-nav-sim-G1-MuJoCo-ROS2-/install/unitree_go/include/unitree_go/unitree_go/msg/detail/low_state__type_support.c
[0.958s] -- Up-to-date: /home/simonzhang/g1-mujoco-ros2-nav-sim-G1-MuJoCo-ROS2-/install/unitree_go/include/unitree_go/unitree_go/msg/detail/wireless_controller__type_support.c
[0.958s] -- Up-to-date: /home/simonzhang/g1-mujoco-ros2-nav-sim-G1-MuJoCo-ROS2-/install/unitree_go/include/unitree_go/unitree_go/msg/detail/interface_config__rosidl_typesupport_introspection_c.h
[0.958s] -- Up-to-date: /home/simonzhang/g1-mujoco-ros2-nav-sim-G1-MuJoCo-ROS2-/install/unitree_go/include/unitree_go/unitree_go/msg/detail/sport_mode_cmd__type_support.c
[0.958s] -- Up-to-date: /home/simonzhang/g1-mujoco-ros2-nav-sim-G1-MuJoCo-ROS2-/install/unitree_go/include/unitree_go/unitree_go/msg/detail/motor_cmds__rosidl_typesupport_introspection_c.h
[0.958s] -- Up-to-date: /home/simonzhang/g1-mujoco-ros2-nav-sim-G1-MuJoCo-ROS2-/install/unitree_go/include/unitree_go/unitree_go/msg/detail/motor_cmds__type_support.c
[0.958s] -- Up-to-date: /home/simonzhang/g1-mujoco-ros2-nav-sim-G1-MuJoCo-ROS2-/install/unitree_go/include/unitree_go/unitree_go/msg/detail/uwb_state__type_support.c
[0.958s] -- Up-to-date: /home/simonzhang/g1-mujoco-ros2-nav-sim-G1-MuJoCo-ROS2-/install/unitree_go/include/unitree_go/unitree_go/msg/detail/sport_mode_cmd__rosidl_typesupport_introspection_c.h
[0.958s] -- Up-to-date: /home/simonzhang/g1-mujoco-ros2-nav-sim-G1-MuJoCo-ROS2-/install/unitree_go/include/unitree_go/unitree_go/msg/detail/bms_cmd__type_support.c
[0.958s] -- Up-to-date: /home/simonzhang/g1-mujoco-ros2-nav-sim-G1-MuJoCo-ROS2-/install/unitree_go/include/unitree_go/unitree_go/msg/detail/req__type_support.c
[0.958s] -- Up-to-date: /home/simonzhang/g1-mujoco-ros2-nav-sim-G1-MuJoCo-ROS2-/install/unitree_go/include/unitree_go/unitree_go/msg/detail/uwb_switch__rosidl_typesupport_introspection_c.h
[0.958s] -- Up-to-date: /home/simonzhang/g1-mujoco-ros2-nav-sim-G1-MuJoCo-ROS2-/install/unitree_go/include/unitree_go/unitree_go/msg/detail/low_cmd__rosidl_typesupport_introspection_c.h
[0.958s] -- Up-to-date: /home/simonzhang/g1-mujoco-ros2-nav-sim-G1-MuJoCo-ROS2-/install/unitree_go/include/unitree_go/unitree_go/msg/detail/path_point__rosidl_typesupport_introspection_c.h
[0.958s] -- Up-to-date: /home/simonzhang/g1-mujoco-ros2-nav-sim-G1-MuJoCo-ROS2-/install/unitree_go/include/unitree_go/unitree_go/msg/detail/motor_states__rosidl_typesupport_introspection_c.h
[0.958s] -- Up-to-date: /home/simonzhang/g1-mujoco-ros2-nav-sim-G1-MuJoCo-ROS2-/install/unitree_go/include/unitree_go/unitree_go/msg/detail/height_map__type_support.c
[0.958s] -- Up-to-date: /home/simonzhang/g1-mujoco-ros2-nav-sim-G1-MuJoCo-ROS2-/install/unitree_go/include/unitree_go/unitree_go/msg/detail/wireless_controller__rosidl_typesupport_introspection_c.h
[0.958s] -- Up-to-date: /home/simonzhang/g1-mujoco-ros2-nav-sim-G1-MuJoCo-ROS2-/install/unitree_go/include/unitree_go/unitree_go/msg/detail/res__type_support.c
[0.958s] -- Up-to-date: /home/simonzhang/g1-mujoco-ros2-nav-sim-G1-MuJoCo-ROS2-/install/unitree_go/include/unitree_go/unitree_go/msg/detail/motor_cmd__type_support.c
[0.958s] -- Up-to-date: /home/simonzhang/g1-mujoco-ros2-nav-sim-G1-MuJoCo-ROS2-/install/unitree_go/include/unitree_go/unitree_go/msg/detail/low_state__rosidl_typesupport_introspection_c.h
[0.958s] -- Up-to-date: /home/simonzhang/g1-mujoco-ros2-nav-sim-G1-MuJoCo-ROS2-/install/unitree_go/include/unitree_go/unitree_go/msg/detail/lidar_state__rosidl_typesupport_introspection_c.h
[0.958s] -- Up-to-date: /home/simonzhang/g1-mujoco-ros2-nav-sim-G1-MuJoCo-ROS2-/install/unitree_go/include/unitree_go/unitree_go/msg/detail/height_map__rosidl_typesupport_introspection_c.h
[0.958s] -- Up-to-date: /home/simonzhang/g1-mujoco-ros2-nav-sim-G1-MuJoCo-ROS2-/install/unitree_go/include/unitree_go/unitree_go/msg/detail/bms_cmd__rosidl_typesupport_introspection_c.h
[0.958s] -- Up-to-date: /home/simonzhang/g1-mujoco-ros2-nav-sim-G1-MuJoCo-ROS2-/install/unitree_go/include/unitree_go/unitree_go/msg/detail/imu_state__type_support.c
[0.958s] -- Up-to-date: /home/simonzhang/g1-mujoco-ros2-nav-sim-G1-MuJoCo-ROS2-/install/unitree_go/lib/libunitree_go__rosidl_typesupport_introspection_c.so
[0.958s] -- Up-to-date: /home/simonzhang/g1-mujoco-ros2-nav-sim-G1-MuJoCo-ROS2-/install/unitree_go/lib/libunitree_go__rosidl_typesupport_c.so
[0.958s] -- Up-to-date: /home/simonzhang/g1-mujoco-ros2-nav-sim-G1-MuJoCo-ROS2-/install/unitree_go/include/unitree_go/unitree_go
[0.958s] -- Up-to-date: /home/simonzhang/g1-mujoco-ros2-nav-sim-G1-MuJoCo-ROS2-/install/unitree_go/include/unitree_go/unitree_go/msg
[0.958s] -- Up-to-date: /home/simonzhang/g1-mujoco-ros2-nav-sim-G1-MuJoCo-ROS2-/install/unitree_go/include/unitree_go/unitree_go/msg/detail
[0.958s] -- Up-to-date: /home/simonzhang/g1-mujoco-ros2-nav-sim-G1-MuJoCo-ROS2-/install/unitree_go/include/unitree_go/unitree_go/msg/detail/imu_state__rosidl_typesupport_introspection_cpp.hpp
[0.958s] -- Up-to-date: /home/simonzhang/g1-mujoco-ros2-nav-sim-G1-MuJoCo-ROS2-/install/unitree_go/include/unitree_go/unitree_go/msg/detail/sport_mode_state__type_support.cpp
[0.959s] -- Up-to-date: /home/simonzhang/g1-mujoco-ros2-nav-sim-G1-MuJoCo-ROS2-/install/unitree_go/include/unitree_go/unitree_go/msg/detail/uwb_switch__rosidl_typesupport_introspection_cpp.hpp
[0.959s] -- Up-to-date: /home/simonzhang/g1-mujoco-ros2-nav-sim-G1-MuJoCo-ROS2-/install/unitree_go/include/unitree_go/unitree_go/msg/detail/uwb_state__rosidl_typesupport_introspection_cpp.hpp
[0.959s] -- Up-to-date: /home/simonzhang/g1-mujoco-ros2-nav-sim-G1-MuJoCo-ROS2-/install/unitree_go/include/unitree_go/unitree_go/msg/detail/res__rosidl_typesupport_introspection_cpp.hpp
[0.959s] -- Up-to-date: /home/simonzhang/g1-mujoco-ros2-nav-sim-G1-MuJoCo-ROS2-/install/unitree_go/include/unitree_go/unitree_go/msg/detail/time_spec__type_support.cpp
[0.959s] -- Up-to-date: /home/simonzhang/g1-mujoco-ros2-nav-sim-G1-MuJoCo-ROS2-/install/unitree_go/include/unitree_go/unitree_go/msg/detail/low_cmd__type_support.cpp
[0.959s] -- Up-to-date: /home/simonzhang/g1-mujoco-ros2-nav-sim-G1-MuJoCo-ROS2-/install/unitree_go/include/unitree_go/unitree_go/msg/detail/uwb_state__type_support.cpp
[0.959s] -- Up-to-date: /home/simonzhang/g1-mujoco-ros2-nav-sim-G1-MuJoCo-ROS2-/install/unitree_go/include/unitree_go/unitree_go/msg/detail/res__type_support.cpp
[0.959s] -- Up-to-date: /home/simonzhang/g1-mujoco-ros2-nav-sim-G1-MuJoCo-ROS2-/install/unitree_go/include/unitree_go/unitree_go/msg/detail/motor_state__type_support.cpp
[0.959s] -- Up-to-date: /home/simonzhang/g1-mujoco-ros2-nav-sim-G1-MuJoCo-ROS2-/install/unitree_go/include/unitree_go/unitree_go/msg/detail/low_cmd__rosidl_typesupport_introspection_cpp.hpp
[0.959s] -- Up-to-date: /home/simonzhang/g1-mujoco-ros2-nav-sim-G1-MuJoCo-ROS2-/install/unitree_go/include/unitree_go/unitree_go/msg/detail/bms_state__rosidl_typesupport_introspection_cpp.hpp
[0.959s] -- Up-to-date: /home/simonzhang/g1-mujoco-ros2-nav-sim-G1-MuJoCo-ROS2-/install/unitree_go/include/unitree_go/unitree_go/msg/detail/motor_cmd__rosidl_typesupport_introspection_cpp.hpp
[0.959s] -- Up-to-date: /home/simonzhang/g1-mujoco-ros2-nav-sim-G1-MuJoCo-ROS2-/install/unitree_go/include/unitree_go/unitree_go/msg/detail/bms_cmd__type_support.cpp
[0.959s] -- Up-to-date: /home/simonzhang/g1-mujoco-ros2-nav-sim-G1-MuJoCo-ROS2-/install/unitree_go/include/unitree_go/unitree_go/msg/detail/wireless_controller__rosidl_typesupport_introspection_cpp.hpp
[0.959s] -- Up-to-date: /home/simonzhang/g1-mujoco-ros2-nav-sim-G1-MuJoCo-ROS2-/install/unitree_go/include/unitree_go/unitree_go/msg/detail/go2_front_video_data__rosidl_typesupport_introspection_cpp.hpp
[0.959s] -- Up-to-date: /home/simonzhang/g1-mujoco-ros2-nav-sim-G1-MuJoCo-ROS2-/install/unitree_go/include/unitree_go/unitree_go/msg/detail/motor_cmds__type_support.cpp
[0.959s] -- Up-to-date: /home/simonzhang/g1-mujoco-ros2-nav-sim-G1-MuJoCo-ROS2-/install/unitree_go/include/unitree_go/unitree_go/msg/detail/wireless_controller__type_support.cpp
[0.959s] -- Up-to-date: /home/simonzhang/g1-mujoco-ros2-nav-sim-G1-MuJoCo-ROS2-/install/unitree_go/include/unitree_go/unitree_go/msg/detail/lidar_state__rosidl_typesupport_introspection_cpp.hpp
[0.959s] -- Up-to-date: /home/simonzhang/g1-mujoco-ros2-nav-sim-G1-MuJoCo-ROS2-/install/unitree_go/include/unitree_go/unitree_go/msg/detail/uwb_switch__type_support.cpp
[0.959s] -- Up-to-date: /home/simonzhang/g1-mujoco-ros2-nav-sim-G1-MuJoCo-ROS2-/install/unitree_go/include/unitree_go/unitree_go/msg/detail/motor_state__rosidl_typesupport_introspection_cpp.hpp
[0.959s] -- Up-to-date: /home/simonzhang/g1-mujoco-ros2-nav-sim-G1-MuJoCo-ROS2-/install/unitree_go/include/unitree_go/unitree_go/msg/detail/bms_state__type_support.cpp
[0.959s] -- Up-to-date: /home/simonzhang/g1-mujoco-ros2-nav-sim-G1-MuJoCo-ROS2-/install/unitree_go/include/unitree_go/unitree_go/msg/detail/audio_data__type_support.cpp
[0.959s] -- Up-to-date: /home/simonzhang/g1-mujoco-ros2-nav-sim-G1-MuJoCo-ROS2-/install/unitree_go/include/unitree_go/unitree_go/msg/detail/height_map__rosidl_typesupport_introspection_cpp.hpp
[0.959s] -- Up-to-date: /home/simonzhang/g1-mujoco-ros2-nav-sim-G1-MuJoCo-ROS2-/install/unitree_go/include/unitree_go/unitree_go/msg/detail/low_state__rosidl_typesupport_introspection_cpp.hpp
[0.959s] -- Up-to-date: /home/simonzhang/g1-mujoco-ros2-nav-sim-G1-MuJoCo-ROS2-/install/unitree_go/include/unitree_go/unitree_go/msg/detail/path_point__rosidl_typesupport_introspection_cpp.hpp
[0.959s] -- Up-to-date: /home/simonzhang/g1-mujoco-ros2-nav-sim-G1-MuJoCo-ROS2-/install/unitree_go/include/unitree_go/unitree_go/msg/detail/sport_mode_cmd__rosidl_typesupport_introspection_cpp.hpp
[0.959s] -- Up-to-date: /home/simonzhang/g1-mujoco-ros2-nav-sim-G1-MuJoCo-ROS2-/install/unitree_go/include/unitree_go/unitree_go/msg/detail/motor_cmds__rosidl_typesupport_introspection_cpp.hpp
[0.959s] -- Up-to-date: /home/simonzhang/g1-mujoco-ros2-nav-sim-G1-MuJoCo-ROS2-/install/unitree_go/include/unitree_go/unitree_go/msg/detail/imu_state__type_support.cpp
[0.959s] -- Up-to-date: /home/simonzhang/g1-mujoco-ros2-nav-sim-G1-MuJoCo-ROS2-/install/unitree_go/include/unitree_go/unitree_go/msg/detail/error__rosidl_typesupport_introspection_cpp.hpp
[0.959s] -- Up-to-date: /home/simonzhang/g1-mujoco-ros2-nav-sim-G1-MuJoCo-ROS2-/install/unitree_go/include/unitree_go/unitree_go/msg/detail/path_point__type_support.cpp
[0.959s] -- Up-to-date: /home/simonzhang/g1-mujoco-ros2-nav-sim-G1-MuJoCo-ROS2-/install/unitree_go/include/unitree_go/unitree_go/msg/detail/lidar_state__type_support.cpp
[0.959s] -- Up-to-date: /home/simonzhang/g1-mujoco-ros2-nav-sim-G1-MuJoCo-ROS2-/install/unitree_go/include/unitree_go/unitree_go/msg/detail/bms_cmd__rosidl_typesupport_introspection_cpp.hpp
[0.959s] -- Up-to-date: /home/simonzhang/g1-mujoco-ros2-nav-sim-G1-MuJoCo-ROS2-/install/unitree_go/include/unitree_go/unitree_go/msg/detail/time_spec__rosidl_typesupport_introspection_cpp.hpp
[0.959s] -- Up-to-date: /home/simonzhang/g1-mujoco-ros2-nav-sim-G1-MuJoCo-ROS2-/install/unitree_go/include/unitree_go/unitree_go/msg/detail/motor_states__type_support.cpp
[0.959s] -- Up-to-date: /home/simonzhang/g1-mujoco-ros2-nav-sim-G1-MuJoCo-ROS2-/install/unitree_go/include/unitree_go/unitree_go/msg/detail/motor_cmd__type_support.cpp
[0.959s] -- Up-to-date: /home/simonzhang/g1-mujoco-ros2-nav-sim-G1-MuJoCo-ROS2-/install/unitree_go/include/unitree_go/unitree_go/msg/detail/req__type_support.cpp
[0.959s] -- Up-to-date: /home/simonzhang/g1-mujoco-ros2-nav-sim-G1-MuJoCo-ROS2-/install/unitree_go/include/unitree_go/unitree_go/msg/detail/low_state__type_support.cpp
[0.959s] -- Up-to-date: /home/simonzhang/g1-mujoco-ros2-nav-sim-G1-MuJoCo-ROS2-/install/unitree_go/include/unitree_go/unitree_go/msg/detail/sport_mode_cmd__type_support.cpp
[0.959s] -- Up-to-date: /home/simonzhang/g1-mujoco-ros2-nav-sim-G1-MuJoCo-ROS2-/install/unitree_go/include/unitree_go/unitree_go/msg/detail/req__rosidl_typesupport_introspection_cpp.hpp
[0.959s] -- Up-to-date: /home/simonzhang/g1-mujoco-ros2-nav-sim-G1-MuJoCo-ROS2-/install/unitree_go/include/unitree_go/unitree_go/msg/detail/go2_front_video_data__type_support.cpp
[0.959s] -- Up-to-date: /home/simonzhang/g1-mujoco-ros2-nav-sim-G1-MuJoCo-ROS2-/install/unitree_go/include/unitree_go/unitree_go/msg/detail/error__type_support.cpp
[0.959s] -- Up-to-date: /home/simonzhang/g1-mujoco-ros2-nav-sim-G1-MuJoCo-ROS2-/install/unitree_go/include/unitree_go/unitree_go/msg/detail/interface_config__rosidl_typesupport_introspection_cpp.hpp
[0.959s] -- Up-to-date: /home/simonzhang/g1-mujoco-ros2-nav-sim-G1-MuJoCo-ROS2-/install/unitree_go/include/unitree_go/unitree_go/msg/detail/height_map__type_support.cpp
[0.959s] -- Up-to-date: /home/simonzhang/g1-mujoco-ros2-nav-sim-G1-MuJoCo-ROS2-/install/unitree_go/include/unitree_go/unitree_go/msg/detail/motor_states__rosidl_typesupport_introspection_cpp.hpp
[0.959s] -- Up-to-date: /home/simonzhang/g1-mujoco-ros2-nav-sim-G1-MuJoCo-ROS2-/install/unitree_go/include/unitree_go/unitree_go/msg/detail/interface_config__type_support.cpp
[0.959s] -- Up-to-date: /home/simonzhang/g1-mujoco-ros2-nav-sim-G1-MuJoCo-ROS2-/install/unitree_go/include/unitree_go/unitree_go/msg/detail/audio_data__rosidl_typesupport_introspection_cpp.hpp
[0.959s] -- Up-to-date: /home/simonzhang/g1-mujoco-ros2-nav-sim-G1-MuJoCo-ROS2-/install/unitree_go/include/unitree_go/unitree_go/msg/detail/sport_mode_state__rosidl_typesupport_introspection_cpp.hpp
[0.959s] -- Up-to-date: /home/simonzhang/g1-mujoco-ros2-nav-sim-G1-MuJoCo-ROS2-/install/unitree_go/lib/libunitree_go__rosidl_typesupport_introspection_cpp.so
[0.959s] -- Up-to-date: /home/simonzhang/g1-mujoco-ros2-nav-sim-G1-MuJoCo-ROS2-/install/unitree_go/lib/libunitree_go__rosidl_typesupport_cpp.so
[0.959s] -- Up-to-date: /home/simonzhang/g1-mujoco-ros2-nav-sim-G1-MuJoCo-ROS2-/install/unitree_go/share/unitree_go/environment/pythonpath.sh
[0.959s] -- Installing: /home/simonzhang/g1-mujoco-ros2-nav-sim-G1-MuJoCo-ROS2-/install/unitree_go/share/unitree_go/environment/pythonpath.dsv
[0.959s] -- Up-to-date: /home/simonzhang/g1-mujoco-ros2-nav-sim-G1-MuJoCo-ROS2-/install/unitree_go/local/lib/python3.10/dist-packages/unitree_go-0.0.0-py3.10.egg-info
[0.959s] -- Installing: /home/simonzhang/g1-mujoco-ros2-nav-sim-G1-MuJoCo-ROS2-/install/unitree_go/local/lib/python3.10/dist-packages/unitree_go-0.0.0-py3.10.egg-info/top_level.txt
[0.959s] -- Installing: /home/simonzhang/g1-mujoco-ros2-nav-sim-G1-MuJoCo-ROS2-/install/unitree_go/local/lib/python3.10/dist-packages/unitree_go-0.0.0-py3.10.egg-info/dependency_links.txt
[0.959s] -- Installing: /home/simonzhang/g1-mujoco-ros2-nav-sim-G1-MuJoCo-ROS2-/install/unitree_go/local/lib/python3.10/dist-packages/unitree_go-0.0.0-py3.10.egg-info/PKG-INFO
[0.959s] -- Installing: /home/simonzhang/g1-mujoco-ros2-nav-sim-G1-MuJoCo-ROS2-/install/unitree_go/local/lib/python3.10/dist-packages/unitree_go-0.0.0-py3.10.egg-info/SOURCES.txt
[0.959s] -- Up-to-date: /home/simonzhang/g1-mujoco-ros2-nav-sim-G1-MuJoCo-ROS2-/install/unitree_go/local/lib/python3.10/dist-packages/unitree_go
[0.959s] -- Up-to-date: /home/simonzhang/g1-mujoco-ros2-nav-sim-G1-MuJoCo-ROS2-/install/unitree_go/local/lib/python3.10/dist-packages/unitree_go/unitree_go_s__rosidl_typesupport_introspection_c.cpython-310-x86_64-linux-gnu.so
[0.960s] -- Up-to-date: /home/simonzhang/g1-mujoco-ros2-nav-sim-G1-MuJoCo-ROS2-/install/unitree_go/local/lib/python3.10/dist-packages/unitree_go/unitree_go_s__rosidl_typesupport_c.cpython-310-x86_64-linux-gnu.so
[0.960s] -- Up-to-date: /home/simonzhang/g1-mujoco-ros2-nav-sim-G1-MuJoCo-ROS2-/install/unitree_go/local/lib/python3.10/dist-packages/unitree_go/_unitree_go_s.ep.rosidl_typesupport_fastrtps_c.c
[0.960s] -- Up-to-date: /home/simonzhang/g1-mujoco-ros2-nav-sim-G1-MuJoCo-ROS2-/install/unitree_go/local/lib/python3.10/dist-packages/unitree_go/libunitree_go__rosidl_generator_py.so
[0.960s] -- Up-to-date: /home/simonzhang/g1-mujoco-ros2-nav-sim-G1-MuJoCo-ROS2-/install/unitree_go/local/lib/python3.10/dist-packages/unitree_go/_unitree_go_s.ep.rosidl_typesupport_c.c
[0.960s] -- Up-to-date: /home/simonzhang/g1-mujoco-ros2-nav-sim-G1-MuJoCo-ROS2-/install/unitree_go/local/lib/python3.10/dist-packages/unitree_go/_unitree_go_s.ep.rosidl_typesupport_introspection_c.c
[0.960s] -- Up-to-date: /home/simonzhang/g1-mujoco-ros2-nav-sim-G1-MuJoCo-ROS2-/install/unitree_go/local/lib/python3.10/dist-packages/unitree_go/unitree_go_s__rosidl_typesupport_fastrtps_c.cpython-310-x86_64-linux-gnu.so
[0.960s] -- Up-to-date: /home/simonzhang/g1-mujoco-ros2-nav-sim-G1-MuJoCo-ROS2-/install/unitree_go/local/lib/python3.10/dist-packages/unitree_go/msg
[0.960s] -- Up-to-date: /home/simonzhang/g1-mujoco-ros2-nav-sim-G1-MuJoCo-ROS2-/install/unitree_go/local/lib/python3.10/dist-packages/unitree_go/msg/_bms_state_s.c
[0.960s] -- Up-to-date: /home/simonzhang/g1-mujoco-ros2-nav-sim-G1-MuJoCo-ROS2-/install/unitree_go/local/lib/python3.10/dist-packages/unitree_go/msg/_uwb_switch_s.c
[0.960s] -- Up-to-date: /home/simonzhang/g1-mujoco-ros2-nav-sim-G1-MuJoCo-ROS2-/install/unitree_go/local/lib/python3.10/dist-packages/unitree_go/msg/_motor_cmds.py
[0.960s] -- Up-to-date: /home/simonzhang/g1-mujoco-ros2-nav-sim-G1-MuJoCo-ROS2-/install/unitree_go/local/lib/python3.10/dist-packages/unitree_go/msg/_motor_cmd_s.c
[0.960s] -- Up-to-date: /home/simonzhang/g1-mujoco-ros2-nav-sim-G1-MuJoCo-ROS2-/install/unitree_go/local/lib/python3.10/dist-packages/unitree_go/msg/_lidar_state_s.c
[0.960s] -- Up-to-date: /home/simonzhang/g1-mujoco-ros2-nav-sim-G1-MuJoCo-ROS2-/install/unitree_go/local/lib/python3.10/dist-packages/unitree_go/msg/_req_s.c
[0.960s] -- Up-to-date: /home/simonzhang/g1-mujoco-ros2-nav-sim-G1-MuJoCo-ROS2-/install/unitree_go/local/lib/python3.10/dist-packages/unitree_go/msg/_motor_state_s.c
[0.960s] -- Up-to-date: /home/simonzhang/g1-mujoco-ros2-nav-sim-G1-MuJoCo-ROS2-/install/unitree_go/local/lib/python3.10/dist-packages/unitree_go/msg/_low_state.py
[0.960s] -- Up-to-date: /home/simonzhang/g1-mujoco-ros2-nav-sim-G1-MuJoCo-ROS2-/install/unitree_go/local/lib/python3.10/dist-packages/unitree_go/msg/_time_spec_s.c
[0.960s] -- Up-to-date: /home/simonzhang/g1-mujoco-ros2-nav-sim-G1-MuJoCo-ROS2-/install/unitree_go/local/lib/python3.10/dist-packages/unitree_go/msg/_sport_mode_state.py
[0.960s] -- Up-to-date: /home/simonzhang/g1-mujoco-ros2-nav-sim-G1-MuJoCo-ROS2-/install/unitree_go/local/lib/python3.10/dist-packages/unitree_go/msg/_req.py
[0.960s] -- Up-to-date: /home/simonzhang/g1-mujoco-ros2-nav-sim-G1-MuJoCo-ROS2-/install/unitree_go/local/lib/python3.10/dist-packages/unitree_go/msg/_height_map.py
[0.960s] -- Up-to-date: /home/simonzhang/g1-mujoco-ros2-nav-sim-G1-MuJoCo-ROS2-/install/unitree_go/local/lib/python3.10/dist-packages/unitree_go/msg/_motor_cmd.py
[0.960s] -- Up-to-date: /home/simonzhang/g1-mujoco-ros2-nav-sim-G1-MuJoCo-ROS2-/install/unitree_go/local/lib/python3.10/dist-packages/unitree_go/msg/_error_s.c
[0.960s] -- Up-to-date: /home/simonzhang/g1-mujoco-ros2-nav-sim-G1-MuJoCo-ROS2-/install/unitree_go/local/lib/python3.10/dist-packages/unitree_go/msg/_motor_states_s.c
[0.960s] -- Up-to-date: /home/simonzhang/g1-mujoco-ros2-nav-sim-G1-MuJoCo-ROS2-/install/unitree_go/local/lib/python3.10/dist-packages/unitree_go/msg/_wireless_controller_s.c
[0.960s] -- Up-to-date: /home/simonzhang/g1-mujoco-ros2-nav-sim-G1-MuJoCo-ROS2-/install/unitree_go/local/lib/python3.10/dist-packages/unitree_go/msg/_motor_state.py
[0.960s] -- Up-to-date: /home/simonzhang/g1-mujoco-ros2-nav-sim-G1-MuJoCo-ROS2-/install/unitree_go/local/lib/python3.10/dist-packages/unitree_go/msg/_motor_cmds_s.c
[0.960s] -- Up-to-date: /home/simonzhang/g1-mujoco-ros2-nav-sim-G1-MuJoCo-ROS2-/install/unitree_go/local/lib/python3.10/dist-packages/unitree_go/msg/_wireless_controller.py
[0.960s] -- Up-to-date: /home/simonzhang/g1-mujoco-ros2-nav-sim-G1-MuJoCo-ROS2-/install/unitree_go/local/lib/python3.10/dist-packages/unitree_go/msg/_imu_state.py
[0.960s] -- Up-to-date: /home/simonzhang/g1-mujoco-ros2-nav-sim-G1-MuJoCo-ROS2-/install/unitree_go/local/lib/python3.10/dist-packages/unitree_go/msg/_uwb_state.py
[0.960s] -- Up-to-date: /home/simonzhang/g1-mujoco-ros2-nav-sim-G1-MuJoCo-ROS2-/install/unitree_go/local/lib/python3.10/dist-packages/unitree_go/msg/_go2_front_video_data.py
[0.960s] -- Up-to-date: /home/simonzhang/g1-mujoco-ros2-nav-sim-G1-MuJoCo-ROS2-/install/unitree_go/local/lib/python3.10/dist-packages/unitree_go/msg/_path_point_s.c
[0.960s] -- Up-to-date: /home/simonzhang/g1-mujoco-ros2-nav-sim-G1-MuJoCo-ROS2-/install/unitree_go/local/lib/python3.10/dist-packages/unitree_go/msg/_path_point.py
[0.960s] -- Up-to-date: /home/simonzhang/g1-mujoco-ros2-nav-sim-G1-MuJoCo-ROS2-/install/unitree_go/local/lib/python3.10/dist-packages/unitree_go/msg/_uwb_switch.py
[0.960s] -- Up-to-date: /home/simonzhang/g1-mujoco-ros2-nav-sim-G1-MuJoCo-ROS2-/install/unitree_go/local/lib/python3.10/dist-packages/unitree_go/msg/_low_state_s.c
[0.960s] -- Up-to-date: /home/simonzhang/g1-mujoco-ros2-nav-sim-G1-MuJoCo-ROS2-/install/unitree_go/local/lib/python3.10/dist-packages/unitree_go/msg/_low_cmd_s.c
[0.960s] -- Up-to-date: /home/simonzhang/g1-mujoco-ros2-nav-sim-G1-MuJoCo-ROS2-/install/unitree_go/local/lib/python3.10/dist-packages/unitree_go/msg/_bms_state.py
[0.960s] -- Up-to-date: /home/simonzhang/g1-mujoco-ros2-nav-sim-G1-MuJoCo-ROS2-/install/unitree_go/local/lib/python3.10/dist-packages/unitree_go/msg/_sport_mode_state_s.c
[0.960s] -- Up-to-date: /home/simonzhang/g1-mujoco-ros2-nav-sim-G1-MuJoCo-ROS2-/install/unitree_go/local/lib/python3.10/dist-packages/unitree_go/msg/_error.py
[0.960s] -- Up-to-date: /home/simonzhang/g1-mujoco-ros2-nav-sim-G1-MuJoCo-ROS2-/install/unitree_go/local/lib/python3.10/dist-packages/unitree_go/msg/_go2_front_video_data_s.c
[0.960s] -- Up-to-date: /home/simonzhang/g1-mujoco-ros2-nav-sim-G1-MuJoCo-ROS2-/install/unitree_go/local/lib/python3.10/dist-packages/unitree_go/msg/_time_spec.py
[0.960s] -- Up-to-date: /home/simonzhang/g1-mujoco-ros2-nav-sim-G1-MuJoCo-ROS2-/install/unitree_go/local/lib/python3.10/dist-packages/unitree_go/msg/_imu_state_s.c
[0.960s] -- Up-to-date: /home/simonzhang/g1-mujoco-ros2-nav-sim-G1-MuJoCo-ROS2-/install/unitree_go/local/lib/python3.10/dist-packages/unitree_go/msg/_interface_config.py
[0.960s] -- Up-to-date: /home/simonzhang/g1-mujoco-ros2-nav-sim-G1-MuJoCo-ROS2-/install/unitree_go/local/lib/python3.10/dist-packages/unitree_go/msg/_bms_cmd.py
[0.960s] -- Up-to-date: /home/simonzhang/g1-mujoco-ros2-nav-sim-G1-MuJoCo-ROS2-/install/unitree_go/local/lib/python3.10/dist-packages/unitree_go/msg/_sport_mode_cmd.py
[0.960s] -- Up-to-date: /home/simonzhang/g1-mujoco-ros2-nav-sim-G1-MuJoCo-ROS2-/install/unitree_go/local/lib/python3.10/dist-packages/unitree_go/msg/_low_cmd.py
[0.960s] -- Up-to-date: /home/simonzhang/g1-mujoco-ros2-nav-sim-G1-MuJoCo-ROS2-/install/unitree_go/local/lib/python3.10/dist-packages/unitree_go/msg/_uwb_state_s.c
[0.960s] -- Up-to-date: /home/simonzhang/g1-mujoco-ros2-nav-sim-G1-MuJoCo-ROS2-/install/unitree_go/local/lib/python3.10/dist-packages/unitree_go/msg/_interface_config_s.c
[0.960s] -- Up-to-date: /home/simonzhang/g1-mujoco-ros2-nav-sim-G1-MuJoCo-ROS2-/install/unitree_go/local/lib/python3.10/dist-packages/unitree_go/msg/_bms_cmd_s.c
[0.960s] -- Up-to-date: /home/simonzhang/g1-mujoco-ros2-nav-sim-G1-MuJoCo-ROS2-/install/unitree_go/local/lib/python3.10/dist-packages/unitree_go/msg/_lidar_state.py
[0.960s] -- Up-to-date: /home/simonzhang/g1-mujoco-ros2-nav-sim-G1-MuJoCo-ROS2-/install/unitree_go/local/lib/python3.10/dist-packages/unitree_go/msg/_audio_data_s.c
[0.960s] -- Up-to-date: /home/simonzhang/g1-mujoco-ros2-nav-sim-G1-MuJoCo-ROS2-/install/unitree_go/local/lib/python3.10/dist-packages/unitree_go/msg/_motor_states.py
[0.960s] -- Up-to-date: /home/simonzhang/g1-mujoco-ros2-nav-sim-G1-MuJoCo-ROS2-/install/unitree_go/local/lib/python3.10/dist-packages/unitree_go/msg/_height_map_s.c
[0.960s] -- Up-to-date: /home/simonzhang/g1-mujoco-ros2-nav-sim-G1-MuJoCo-ROS2-/install/unitree_go/local/lib/python3.10/dist-packages/unitree_go/msg/__init__.py
[0.960s] -- Up-to-date: /home/simonzhang/g1-mujoco-ros2-nav-sim-G1-MuJoCo-ROS2-/install/unitree_go/local/lib/python3.10/dist-packages/unitree_go/msg/_sport_mode_cmd_s.c
[0.960s] -- Up-to-date: /home/simonzhang/g1-mujoco-ros2-nav-sim-G1-MuJoCo-ROS2-/install/unitree_go/local/lib/python3.10/dist-packages/unitree_go/msg/_res.py
[0.960s] -- Up-to-date: /home/simonzhang/g1-mujoco-ros2-nav-sim-G1-MuJoCo-ROS2-/install/unitree_go/local/lib/python3.10/dist-packages/unitree_go/msg/_res_s.c
[0.960s] -- Up-to-date: /home/simonzhang/g1-mujoco-ros2-nav-sim-G1-MuJoCo-ROS2-/install/unitree_go/local/lib/python3.10/dist-packages/unitree_go/msg/_audio_data.py
[0.960s] -- Installing: /home/simonzhang/g1-mujoco-ros2-nav-sim-G1-MuJoCo-ROS2-/install/unitree_go/local/lib/python3.10/dist-packages/unitree_go/__init__.py
[0.974s] Listing '/home/simonzhang/g1-mujoco-ros2-nav-sim-G1-MuJoCo-ROS2-/install/unitree_go/local/lib/python3.10/dist-packages/unitree_go'...
[0.974s] Compiling '/home/simonzhang/g1-mujoco-ros2-nav-sim-G1-MuJoCo-ROS2-/install/unitree_go/local/lib/python3.10/dist-packages/unitree_go/__init__.py'...
[0.974s] Listing '/home/simonzhang/g1-mujoco-ros2-nav-sim-G1-MuJoCo-ROS2-/install/unitree_go/local/lib/python3.10/dist-packages/unitree_go/msg'...
[0.975s] -- Up-to-date: /home/simonzhang/g1-mujoco-ros2-nav-sim-G1-MuJoCo-ROS2-/install/unitree_go/local/lib/python3.10/dist-packages/unitree_go/unitree_go_s__rosidl_typesupport_fastrtps_c.cpython-310-x86_64-linux-gnu.so
[0.975s] -- Up-to-date: /home/simonzhang/g1-mujoco-ros2-nav-sim-G1-MuJoCo-ROS2-/install/unitree_go/local/lib/python3.10/dist-packages/unitree_go/unitree_go_s__rosidl_typesupport_introspection_c.cpython-310-x86_64-linux-gnu.so
[0.975s] -- Up-to-date: /home/simonzhang/g1-mujoco-ros2-nav-sim-G1-MuJoCo-ROS2-/install/unitree_go/local/lib/python3.10/dist-packages/unitree_go/unitree_go_s__rosidl_typesupport_c.cpython-310-x86_64-linux-gnu.so
[0.975s] -- Up-to-date: /home/simonzhang/g1-mujoco-ros2-nav-sim-G1-MuJoCo-ROS2-/install/unitree_go/lib/libunitree_go__rosidl_generator_py.so
[0.976s] -- Up-to-date: /home/simonzhang/g1-mujoco-ros2-nav-sim-G1-MuJoCo-ROS2-/install/unitree_go/share/ament_index/resource_index/rust_packages/unitree_go
[0.976s] -- Up-to-date: /home/simonzhang/g1-mujoco-ros2-nav-sim-G1-MuJoCo-ROS2-/install/unitree_go/share/unitree_go/rust
[0.976s] -- Up-to-date: /home/simonzhang/g1-mujoco-ros2-nav-sim-G1-MuJoCo-ROS2-/install/unitree_go/share/unitree_go/rust/Cargo.toml
[0.976s] -- Up-to-date: /home/simonzhang/g1-mujoco-ros2-nav-sim-G1-MuJoCo-ROS2-/install/unitree_go/share/unitree_go/rust/build.rs
[0.976s] -- Up-to-date: /home/simonzhang/g1-mujoco-ros2-nav-sim-G1-MuJoCo-ROS2-/install/unitree_go/share/unitree_go/rust/src
[0.976s] -- Up-to-date: /home/simonzhang/g1-mujoco-ros2-nav-sim-G1-MuJoCo-ROS2-/install/unitree_go/share/unitree_go/rust/src/lib.rs
[0.976s] -- Up-to-date: /home/simonzhang/g1-mujoco-ros2-nav-sim-G1-MuJoCo-ROS2-/install/unitree_go/share/unitree_go/rust/src/msg.rs
[0.976s] -- Up-to-date: /home/simonzhang/g1-mujoco-ros2-nav-sim-G1-MuJoCo-ROS2-/install/unitree_go/share/unitree_go/rust/src/msg
[0.976s] -- Up-to-date: /home/simonzhang/g1-mujoco-ros2-nav-sim-G1-MuJoCo-ROS2-/install/unitree_go/share/unitree_go/rust/src/msg/rmw.rs
[0.976s] -- Up-to-date: /home/simonzhang/g1-mujoco-ros2-nav-sim-G1-MuJoCo-ROS2-/install/unitree_go/share/unitree_go/msg/AudioData.idl
[0.976s] -- Up-to-date: /home/simonzhang/g1-mujoco-ros2-nav-sim-G1-MuJoCo-ROS2-/install/unitree_go/share/unitree_go/msg/BmsCmd.idl
[0.976s] -- Up-to-date: /home/simonzhang/g1-mujoco-ros2-nav-sim-G1-MuJoCo-ROS2-/install/unitree_go/share/unitree_go/msg/BmsState.idl
[0.976s] -- Up-to-date: /home/simonzhang/g1-mujoco-ros2-nav-sim-G1-MuJoCo-ROS2-/install/unitree_go/share/unitree_go/msg/Error.idl
[0.976s] -- Up-to-date: /home/simonzhang/g1-mujoco-ros2-nav-sim-G1-MuJoCo-ROS2-/install/unitree_go/share/unitree_go/msg/Go2FrontVideoData.idl
[0.976s] -- Up-to-date: /home/simonzhang/g1-mujoco-ros2-nav-sim-G1-MuJoCo-ROS2-/install/unitree_go/share/unitree_go/msg/HeightMap.idl
[0.976s] -- Up-to-date: /home/simonzhang/g1-mujoco-ros2-nav-sim-G1-MuJoCo-ROS2-/install/unitree_go/share/unitree_go/msg/IMUState.idl
[0.976s] -- Up-to-date: /home/simonzhang/g1-mujoco-ros2-nav-sim-G1-MuJoCo-ROS2-/install/unitree_go/share/unitree_go/msg/InterfaceConfig.idl
[0.976s] -- Up-to-date: /home/simonzhang/g1-mujoco-ros2-nav-sim-G1-MuJoCo-ROS2-/install/unitree_go/share/unitree_go/msg/LidarState.idl
[0.976s] -- Up-to-date: /home/simonzhang/g1-mujoco-ros2-nav-sim-G1-MuJoCo-ROS2-/install/unitree_go/share/unitree_go/msg/LowCmd.idl
[0.976s] -- Up-to-date: /home/simonzhang/g1-mujoco-ros2-nav-sim-G1-MuJoCo-ROS2-/install/unitree_go/share/unitree_go/msg/LowState.idl
[0.976s] -- Up-to-date: /home/simonzhang/g1-mujoco-ros2-nav-sim-G1-MuJoCo-ROS2-/install/unitree_go/share/unitree_go/msg/MotorCmd.idl
[0.976s] -- Up-to-date: /home/simonzhang/g1-mujoco-ros2-nav-sim-G1-MuJoCo-ROS2-/install/unitree_go/share/unitree_go/msg/MotorCmds.idl
[0.976s] -- Up-to-date: /home/simonzhang/g1-mujoco-ros2-nav-sim-G1-MuJoCo-ROS2-/install/unitree_go/share/unitree_go/msg/MotorState.idl
[0.976s] -- Up-to-date: /home/simonzhang/g1-mujoco-ros2-nav-sim-G1-MuJoCo-ROS2-/install/unitree_go/share/unitree_go/msg/MotorStates.idl
[0.976s] -- Up-to-date: /home/simonzhang/g1-mujoco-ros2-nav-sim-G1-MuJoCo-ROS2-/install/unitree_go/share/unitree_go/msg/PathPoint.idl
[0.976s] -- Up-to-date: /home/simonzhang/g1-mujoco-ros2-nav-sim-G1-MuJoCo-ROS2-/install/unitree_go/share/unitree_go/msg/Req.idl
[0.977s] -- Up-to-date: /home/simonzhang/g1-mujoco-ros2-nav-sim-G1-MuJoCo-ROS2-/install/unitree_go/share/unitree_go/msg/Res.idl
[0.977s] -- Up-to-date: /home/simonzhang/g1-mujoco-ros2-nav-sim-G1-MuJoCo-ROS2-/install/unitree_go/share/unitree_go/msg/SportModeCmd.idl
[0.977s] -- Up-to-date: /home/simonzhang/g1-mujoco-ros2-nav-sim-G1-MuJoCo-ROS2-/install/unitree_go/share/unitree_go/msg/SportModeState.idl
[0.977s] -- Up-to-date: /home/simonzhang/g1-mujoco-ros2-nav-sim-G1-MuJoCo-ROS2-/install/unitree_go/share/unitree_go/msg/TimeSpec.idl
[0.977s] -- Up-to-date: /home/simonzhang/g1-mujoco-ros2-nav-sim-G1-MuJoCo-ROS2-/install/unitree_go/share/unitree_go/msg/UwbState.idl
[0.977s] -- Up-to-date: /home/simonzhang/g1-mujoco-ros2-nav-sim-G1-MuJoCo-ROS2-/install/unitree_go/share/unitree_go/msg/UwbSwitch.idl
[0.977s] -- Up-to-date: /home/simonzhang/g1-mujoco-ros2-nav-sim-G1-MuJoCo-ROS2-/install/unitree_go/share/unitree_go/msg/WirelessController.idl
[0.977s] -- Up-to-date: /home/simonzhang/g1-mujoco-ros2-nav-sim-G1-MuJoCo-ROS2-/install/unitree_go/share/unitree_go/msg/AudioData.msg
[0.977s] -- Up-to-date: /home/simonzhang/g1-mujoco-ros2-nav-sim-G1-MuJoCo-ROS2-/install/unitree_go/share/unitree_go/msg/BmsCmd.msg
[0.977s] -- Up-to-date: /home/simonzhang/g1-mujoco-ros2-nav-sim-G1-MuJoCo-ROS2-/install/unitree_go/share/unitree_go/msg/BmsState.msg
[0.977s] -- Up-to-date: /home/simonzhang/g1-mujoco-ros2-nav-sim-G1-MuJoCo-ROS2-/install/unitree_go/share/unitree_go/msg/Error.msg
[0.977s] -- Up-to-date: /home/simonzhang/g1-mujoco-ros2-nav-sim-G1-MuJoCo-ROS2-/install/unitree_go/share/unitree_go/msg/Go2FrontVideoData.msg
[0.977s] -- Up-to-date: /home/simonzhang/g1-mujoco-ros2-nav-sim-G1-MuJoCo-ROS2-/install/unitree_go/share/unitree_go/msg/HeightMap.msg
[0.978s] -- Up-to-date: /home/simonzhang/g1-mujoco-ros2-nav-sim-G1-MuJoCo-ROS2-/install/unitree_go/share/unitree_go/msg/IMUState.msg
[0.978s] -- Up-to-date: /home/simonzhang/g1-mujoco-ros2-nav-sim-G1-MuJoCo-ROS2-/install/unitree_go/share/unitree_go/msg/InterfaceConfig.msg
[0.978s] -- Up-to-date: /home/simonzhang/g1-mujoco-ros2-nav-sim-G1-MuJoCo-ROS2-/install/unitree_go/share/unitree_go/msg/LidarState.msg
[0.978s] -- Up-to-date: /home/simonzhang/g1-mujoco-ros2-nav-sim-G1-MuJoCo-ROS2-/install/unitree_go/share/unitree_go/msg/LowCmd.msg
[0.978s] -- Up-to-date: /home/simonzhang/g1-mujoco-ros2-nav-sim-G1-MuJoCo-ROS2-/install/unitree_go/share/unitree_go/msg/LowState.msg
[0.978s] -- Up-to-date: /home/simonzhang/g1-mujoco-ros2-nav-sim-G1-MuJoCo-ROS2-/install/unitree_go/share/unitree_go/msg/MotorCmd.msg
[0.978s] -- Up-to-date: /home/simonzhang/g1-mujoco-ros2-nav-sim-G1-MuJoCo-ROS2-/install/unitree_go/share/unitree_go/msg/MotorCmds.msg
[0.978s] -- Up-to-date: /home/simonzhang/g1-mujoco-ros2-nav-sim-G1-MuJoCo-ROS2-/install/unitree_go/share/unitree_go/msg/MotorState.msg
[0.978s] -- Up-to-date: /home/simonzhang/g1-mujoco-ros2-nav-sim-G1-MuJoCo-ROS2-/install/unitree_go/share/unitree_go/msg/MotorStates.msg
[0.978s] -- Up-to-date: /home/simonzhang/g1-mujoco-ros2-nav-sim-G1-MuJoCo-ROS2-/install/unitree_go/share/unitree_go/msg/PathPoint.msg
[0.978s] -- Up-to-date: /home/simonzhang/g1-mujoco-ros2-nav-sim-G1-MuJoCo-ROS2-/install/unitree_go/share/unitree_go/msg/Req.msg
[0.978s] -- Up-to-date: /home/simonzhang/g1-mujoco-ros2-nav-sim-G1-MuJoCo-ROS2-/install/unitree_go/share/unitree_go/msg/Res.msg
[0.978s] -- Up-to-date: /home/simonzhang/g1-mujoco-ros2-nav-sim-G1-MuJoCo-ROS2-/install/unitree_go/share/unitree_go/msg/SportModeCmd.msg
[0.978s] -- Up-to-date: /home/simonzhang/g1-mujoco-ros2-nav-sim-G1-MuJoCo-ROS2-/install/unitree_go/share/unitree_go/msg/SportModeState.msg
[0.978s] -- Up-to-date: /home/simonzhang/g1-mujoco-ros2-nav-sim-G1-MuJoCo-ROS2-/install/unitree_go/share/unitree_go/msg/TimeSpec.msg
[0.978s] -- Up-to-date: /home/simonzhang/g1-mujoco-ros2-nav-sim-G1-MuJoCo-ROS2-/install/unitree_go/share/unitree_go/msg/UwbState.msg
[0.978s] -- Up-to-date: /home/simonzhang/g1-mujoco-ros2-nav-sim-G1-MuJoCo-ROS2-/install/unitree_go/share/unitree_go/msg/UwbSwitch.msg
[0.978s] -- Up-to-date: /home/simonzhang/g1-mujoco-ros2-nav-sim-G1-MuJoCo-ROS2-/install/unitree_go/share/unitree_go/msg/WirelessController.msg
[0.978s] -- Up-to-date: /home/simonzhang/g1-mujoco-ros2-nav-sim-G1-MuJoCo-ROS2-/install/unitree_go/share/unitree_go/msg/dds_connext
[0.978s] -- Up-to-date: /home/simonzhang/g1-mujoco-ros2-nav-sim-G1-MuJoCo-ROS2-/install/unitree_go/share/unitree_go/msg/dds_connext/PathPoint_.idl
[0.978s] -- Up-to-date: /home/simonzhang/g1-mujoco-ros2-nav-sim-G1-MuJoCo-ROS2-/install/unitree_go/share/unitree_go/msg/dds_connext/MotorState_.idl
[0.978s] -- Up-to-date: /home/simonzhang/g1-mujoco-ros2-nav-sim-G1-MuJoCo-ROS2-/install/unitree_go/share/unitree_go/msg/dds_connext/Go2FrontVideoData_.idl
[0.978s] -- Up-to-date: /home/simonzhang/g1-mujoco-ros2-nav-sim-G1-MuJoCo-ROS2-/install/unitree_go/share/unitree_go/msg/dds_connext/SportModeCmd_.idl
[0.978s] -- Up-to-date: /home/simonzhang/g1-mujoco-ros2-nav-sim-G1-MuJoCo-ROS2-/install/unitree_go/share/unitree_go/msg/dds_connext/HeightMap_.idl
[0.978s] -- Up-to-date: /home/simonzhang/g1-mujoco-ros2-nav-sim-G1-MuJoCo-ROS2-/install/unitree_go/share/unitree_go/msg/dds_connext/UwbSwitch_.idl
[0.978s] -- Up-to-date: /home/simonzhang/g1-mujoco-ros2-nav-sim-G1-MuJoCo-ROS2-/install/unitree_go/share/unitree_go/msg/dds_connext/SportModeState_.idl
[0.978s] -- Up-to-date: /home/simonzhang/g1-mujoco-ros2-nav-sim-G1-MuJoCo-ROS2-/install/unitree_go/share/unitree_go/msg/dds_connext/TimeSpec_.idl
[0.978s] -- Up-to-date: /home/simonzhang/g1-mujoco-ros2-nav-sim-G1-MuJoCo-ROS2-/install/unitree_go/share/unitree_go/msg/dds_connext/BmsState_.idl
[0.978s] -- Up-to-date: /home/simonzhang/g1-mujoco-ros2-nav-sim-G1-MuJoCo-ROS2-/install/unitree_go/share/unitree_go/msg/dds_connext/Req_.idl
[0.978s] -- Up-to-date: /home/simonzhang/g1-mujoco-ros2-nav-sim-G1-MuJoCo-ROS2-/install/unitree_go/share/unitree_go/msg/dds_connext/IMUState_.idl
[0.978s] -- Up-to-date: /home/simonzhang/g1-mujoco-ros2-nav-sim-G1-MuJoCo-ROS2-/install/unitree_go/share/unitree_go/msg/dds_connext/MotorStates_.idl
[0.978s] -- Up-to-date: /home/simonzhang/g1-mujoco-ros2-nav-sim-G1-MuJoCo-ROS2-/install/unitree_go/share/unitree_go/msg/dds_connext/AudioData_.idl
[0.978s] -- Up-to-date: /home/simonzhang/g1-mujoco-ros2-nav-sim-G1-MuJoCo-ROS2-/install/unitree_go/share/unitree_go/msg/dds_connext/WirelessController_.idl
[0.978s] -- Up-to-date: /home/simonzhang/g1-mujoco-ros2-nav-sim-G1-MuJoCo-ROS2-/install/unitree_go/share/unitree_go/msg/dds_connext/MotorCmd_.idl
[0.978s] -- Up-to-date: /home/simonzhang/g1-mujoco-ros2-nav-sim-G1-MuJoCo-ROS2-/install/unitree_go/share/unitree_go/msg/dds_connext/LowState_.idl
[0.978s] -- Up-to-date: /home/simonzhang/g1-mujoco-ros2-nav-sim-G1-MuJoCo-ROS2-/install/unitree_go/share/unitree_go/msg/dds_connext/Res_.idl
[0.978s] -- Up-to-date: /home/simonzhang/g1-mujoco-ros2-nav-sim-G1-MuJoCo-ROS2-/install/unitree_go/share/unitree_go/msg/dds_connext/MotorCmds_.idl
[0.979s] -- Up-to-date: /home/simonzhang/g1-mujoco-ros2-nav-sim-G1-MuJoCo-ROS2-/install/unitree_go/share/unitree_go/msg/dds_connext/UwbState_.idl
[0.979s] -- Up-to-date: /home/simonzhang/g1-mujoco-ros2-nav-sim-G1-MuJoCo-ROS2-/install/unitree_go/share/unitree_go/msg/dds_connext/LowCmd_.idl
[0.979s] -- Up-to-date: /home/simonzhang/g1-mujoco-ros2-nav-sim-G1-MuJoCo-ROS2-/install/unitree_go/share/unitree_go/msg/dds_connext/BmsCmd_.idl
[0.979s] -- Up-to-date: /home/simonzhang/g1-mujoco-ros2-nav-sim-G1-MuJoCo-ROS2-/install/unitree_go/share/unitree_go/msg/dds_connext/Error_.idl
[0.979s] -- Up-to-date: /home/simonzhang/g1-mujoco-ros2-nav-sim-G1-MuJoCo-ROS2-/install/unitree_go/share/unitree_go/msg/dds_connext/InterfaceConfig_.idl
[0.979s] -- Up-to-date: /home/simonzhang/g1-mujoco-ros2-nav-sim-G1-MuJoCo-ROS2-/install/unitree_go/share/unitree_go/msg/dds_connext/LidarState_.idl
[0.979s] -- Up-to-date: /home/simonzhang/g1-mujoco-ros2-nav-sim-G1-MuJoCo-ROS2-/install/unitree_go/share/ament_index/resource_index/package_run_dependencies/unitree_go
[0.979s] -- Up-to-date: /home/simonzhang/g1-mujoco-ros2-nav-sim-G1-MuJoCo-ROS2-/install/unitree_go/share/ament_index/resource_index/parent_prefix_path/unitree_go
[0.979s] -- Up-to-date: /home/simonzhang/g1-mujoco-ros2-nav-sim-G1-MuJoCo-ROS2-/install/unitree_go/share/unitree_go/environment/ament_prefix_path.sh
[0.979s] -- Installing: /home/simonzhang/g1-mujoco-ros2-nav-sim-G1-MuJoCo-ROS2-/install/unitree_go/share/unitree_go/environment/ament_prefix_path.dsv
[0.979s] -- Up-to-date: /home/simonzhang/g1-mujoco-ros2-nav-sim-G1-MuJoCo-ROS2-/install/unitree_go/share/unitree_go/environment/path.sh
[0.979s] -- Installing: /home/simonzhang/g1-mujoco-ros2-nav-sim-G1-MuJoCo-ROS2-/install/unitree_go/share/unitree_go/environment/path.dsv
[0.979s] -- Up-to-date: /home/simonzhang/g1-mujoco-ros2-nav-sim-G1-MuJoCo-ROS2-/install/unitree_go/share/unitree_go/local_setup.bash
[0.979s] -- Up-to-date: /home/simonzhang/g1-mujoco-ros2-nav-sim-G1-MuJoCo-ROS2-/install/unitree_go/share/unitree_go/local_setup.sh
[0.979s] -- Up-to-date: /home/simonzhang/g1-mujoco-ros2-nav-sim-G1-MuJoCo-ROS2-/install/unitree_go/share/unitree_go/local_setup.zsh
[0.979s] -- Installing: /home/simonzhang/g1-mujoco-ros2-nav-sim-G1-MuJoCo-ROS2-/install/unitree_go/share/unitree_go/local_setup.dsv
[0.979s] -- Installing: /home/simonzhang/g1-mujoco-ros2-nav-sim-G1-MuJoCo-ROS2-/install/unitree_go/share/unitree_go/package.dsv
[0.979s] -- Up-to-date: /home/simonzhang/g1-mujoco-ros2-nav-sim-G1-MuJoCo-ROS2-/install/unitree_go/share/ament_index/resource_index/packages/unitree_go
[0.979s] -- Up-to-date: /home/simonzhang/g1-mujoco-ros2-nav-sim-G1-MuJoCo-ROS2-/install/unitree_go/share/unitree_go/cmake/export_unitree_go__rosidl_generator_cExport.cmake
[0.979s] -- Up-to-date: /home/simonzhang/g1-mujoco-ros2-nav-sim-G1-MuJoCo-ROS2-/install/unitree_go/share/unitree_go/cmake/export_unitree_go__rosidl_generator_cExport-noconfig.cmake
[0.979s] -- Up-to-date: /home/simonzhang/g1-mujoco-ros2-nav-sim-G1-MuJoCo-ROS2-/install/unitree_go/share/unitree_go/cmake/export_unitree_go__rosidl_typesupport_fastrtps_cExport.cmake
[0.979s] -- Up-to-date: /home/simonzhang/g1-mujoco-ros2-nav-sim-G1-MuJoCo-ROS2-/install/unitree_go/share/unitree_go/cmake/export_unitree_go__rosidl_typesupport_fastrtps_cExport-noconfig.cmake
[0.979s] -- Up-to-date: /home/simonzhang/g1-mujoco-ros2-nav-sim-G1-MuJoCo-ROS2-/install/unitree_go/share/unitree_go/cmake/export_unitree_go__rosidl_generator_cppExport.cmake
[0.980s] -- Up-to-date: /home/simonzhang/g1-mujoco-ros2-nav-sim-G1-MuJoCo-ROS2-/install/unitree_go/share/unitree_go/cmake/export_unitree_go__rosidl_typesupport_fastrtps_cppExport.cmake
[0.980s] -- Up-to-date: /home/simonzhang/g1-mujoco-ros2-nav-sim-G1-MuJoCo-ROS2-/install/unitree_go/share/unitree_go/cmake/export_unitree_go__rosidl_typesupport_fastrtps_cppExport-noconfig.cmake
[0.980s] -- Up-to-date: /home/simonzhang/g1-mujoco-ros2-nav-sim-G1-MuJoCo-ROS2-/install/unitree_go/share/unitree_go/cmake/unitree_go__rosidl_typesupport_introspection_cExport.cmake
[0.980s] -- Up-to-date: /home/simonzhang/g1-mujoco-ros2-nav-sim-G1-MuJoCo-ROS2-/install/unitree_go/share/unitree_go/cmake/unitree_go__rosidl_typesupport_introspection_cExport-noconfig.cmake
[0.980s] -- Up-to-date: /home/simonzhang/g1-mujoco-ros2-nav-sim-G1-MuJoCo-ROS2-/install/unitree_go/share/unitree_go/cmake/unitree_go__rosidl_typesupport_cExport.cmake
[0.980s] -- Up-to-date: /home/simonzhang/g1-mujoco-ros2-nav-sim-G1-MuJoCo-ROS2-/install/unitree_go/share/unitree_go/cmake/unitree_go__rosidl_typesupport_cExport-noconfig.cmake
[0.980s] -- Up-to-date: /home/simonzhang/g1-mujoco-ros2-nav-sim-G1-MuJoCo-ROS2-/install/unitree_go/share/unitree_go/cmake/unitree_go__rosidl_typesupport_introspection_cppExport.cmake
[0.980s] -- Up-to-date: /home/simonzhang/g1-mujoco-ros2-nav-sim-G1-MuJoCo-ROS2-/install/unitree_go/share/unitree_go/cmake/unitree_go__rosidl_typesupport_introspection_cppExport-noconfig.cmake
[0.980s] -- Up-to-date: /home/simonzhang/g1-mujoco-ros2-nav-sim-G1-MuJoCo-ROS2-/install/unitree_go/share/unitree_go/cmake/unitree_go__rosidl_typesupport_cppExport.cmake
[0.980s] -- Up-to-date: /home/simonzhang/g1-mujoco-ros2-nav-sim-G1-MuJoCo-ROS2-/install/unitree_go/share/unitree_go/cmake/unitree_go__rosidl_typesupport_cppExport-noconfig.cmake
[0.980s] -- Up-to-date: /home/simonzhang/g1-mujoco-ros2-nav-sim-G1-MuJoCo-ROS2-/install/unitree_go/share/unitree_go/cmake/export_unitree_go__rosidl_generator_pyExport.cmake
[0.980s] -- Up-to-date: /home/simonzhang/g1-mujoco-ros2-nav-sim-G1-MuJoCo-ROS2-/install/unitree_go/share/unitree_go/cmake/export_unitree_go__rosidl_generator_pyExport-noconfig.cmake
[0.980s] -- Up-to-date: /home/simonzhang/g1-mujoco-ros2-nav-sim-G1-MuJoCo-ROS2-/install/unitree_go/share/unitree_go/cmake/rosidl_cmake-extras.cmake
[0.980s] -- Up-to-date: /home/simonzhang/g1-mujoco-ros2-nav-sim-G1-MuJoCo-ROS2-/install/unitree_go/share/unitree_go/cmake/ament_cmake_export_dependencies-extras.cmake
[0.980s] -- Up-to-date: /home/simonzhang/g1-mujoco-ros2-nav-sim-G1-MuJoCo-ROS2-/install/unitree_go/share/unitree_go/cmake/ament_cmake_export_include_directories-extras.cmake
[0.980s] -- Up-to-date: /home/simonzhang/g1-mujoco-ros2-nav-sim-G1-MuJoCo-ROS2-/install/unitree_go/share/unitree_go/cmake/ament_cmake_export_libraries-extras.cmake
[0.980s] -- Up-to-date: /home/simonzhang/g1-mujoco-ros2-nav-sim-G1-MuJoCo-ROS2-/install/unitree_go/share/unitree_go/cmake/ament_cmake_export_targets-extras.cmake
[0.981s] -- Up-to-date: /home/simonzhang/g1-mujoco-ros2-nav-sim-G1-MuJoCo-ROS2-/install/unitree_go/share/unitree_go/cmake/rosidl_cmake_export_typesupport_targets-extras.cmake
[0.981s] -- Up-to-date: /home/simonzhang/g1-mujoco-ros2-nav-sim-G1-MuJoCo-ROS2-/install/unitree_go/share/unitree_go/cmake/rosidl_cmake_export_typesupport_libraries-extras.cmake
[0.981s] -- Up-to-date: /home/simonzhang/g1-mujoco-ros2-nav-sim-G1-MuJoCo-ROS2-/install/unitree_go/share/unitree_go/cmake/unitree_goConfig.cmake
[0.981s] -- Up-to-date: /home/simonzhang/g1-mujoco-ros2-nav-sim-G1-MuJoCo-ROS2-/install/unitree_go/share/unitree_go/cmake/unitree_goConfig-version.cmake
[0.981s] -- Up-to-date: /home/simonzhang/g1-mujoco-ros2-nav-sim-G1-MuJoCo-ROS2-/install/unitree_go/share/unitree_go/package.xml
[0.983s] Invoked command in '/home/simonzhang/g1-mujoco-ros2-nav-sim-G1-MuJoCo-ROS2-/build/unitree_go' returned '0': CMAKE_PREFIX_PATH=/opt/ros/humble /usr/bin/cmake --install /home/simonzhang/g1-mujoco-ros2-nav-sim-G1-MuJoCo-ROS2-/build/unitree_go
